1984-1985,142523,140424,屯留县
1984-1985,142524,140428,长子县
1984-1985,142525,140521,沁水县
1984-1985,142526,140522,阳城县
1984-1985,142528,140523,高平县
1984-1985,142529,140524,陵川县
1984-1985,142530,140427,壶关县
1984-1985,142531,140425,平顺县
1984-1985,142532,140426,黎城县
1984-1985,142533,140429,武乡县
1984-1985,142534,140423,襄垣县
1984-1985,142535,140430,沁县
1984-1985,142536,140431,沁源县
1984-1985,210322,210319,海城县 -> 海城市
1984-1985,210422,210422,新宾县 -> 新宾满族自治县
1984-1985,210505,210511,南芬区
1984-1985,210621,210621,凤城县 -> 凤城满族自治县
1984-1985,210622,210622,岫岩县 -> 岫岩满族自治县
1984-1985,210721,210719,锦西县 -> 锦西市
1984-1985,211326,211319,北票县 -> 北票市
1984-1985,222200,220500,通化地区 -> 通化市
1984-1985,222223,220524,柳河县
1984-1985,222224,220523,辉南县
1984-1985,222225,220522,集安县
1984-1985,222226,220621,抚松县
1984-1985,222227,220622,靖宇县
1984-1985,222228,220623,长白朝鲜族自治县
1984-1985,222422,222403,敦化县 -> 敦化市
1984-1985,330221,330211,镇海县 -> 镇海区
1984-1985,330223,330219,余姚县 -> 余姚市
1984-1985,332400,330700,金华地区 -> 金华市
1984-1985,332421,330701,兰溪县 -> 兰溪市
1984-1985,332422,330722,永康县
1984-1985,332423,330723,武义县
1984-1985,332424,330724,东阳县
1984-1985,332425,330725,义乌县
1984-1985,332426,330726,浦江县
1984-1985,332427,330822,常山县
1984-1985,332428,330823,江山县
1984-1985,332429,330824,开化县
1984-1985,332430,330825,龙游县
1984-1985,332431,330727,磐安县
1984-1985,350501,350420,永安市
1984-1985,352421,350521,惠安县
1984-1985,352422,350522,晋江县
1984-1985,352423,350523,南安县
1984-1985,352424,350524,安溪县
1984-1985,352425,350525,永春县
1984-1985,352426,350526,德化县
1984-1985,352427,350527,金门县
1984-1985,352521,350621,龙海县
1984-1985,352522,350622,云霄县
1984-1985,352523,350623,漳浦县
1984-1985,352524,350624,诏安县
1984-1985,352525,350625,长泰县
1984-1985,352526,350626,东山县
1984-1985,352527,350627,南靖县
1984-1985,352528,350628,平和县
1984-1985,352529,350629,华安县
1984-1985,370901,370620,威海市
1984-1985,372600,370900,泰安地区 -> 泰安市
1984-1985,372602,370981,莱芜市
1984-1985,372603,370982,新泰市
1984-1985,372624,370921,宁阳县
1984-1985,372625,370922,肥城县
1984-1985,372626,370923,东平县
1984-1985,372627,370124,平阴县
1984-1985,372629,370830,汶上县
1984-1985,372630,370831,泗水县
1984-1985,430222,430219,醴陵县 -> 醴陵市
1984-1985,433128,433102,大庸县 -> 大庸市
1984-1985,442527,442502,东莞县 -> 东莞市
1984-1985,512400,511000,内江地区 -> 内江市
1984-1985,512422,511025,资中县
1984-1985,512423,511026,资阳县
1984-1985,512424,511027,简阳县
1984-1985,512425,511024,威远县
1984-1985,512426,511028,隆昌县
1984-1985,512427,511023,安岳县
1984-1985,512428,511022,乐至县
1984-1985,512525,510524,叙永县
1984-1985,512526,510525,古蔺县
1984-1985,512600,511100,乐山地区 -> 乐山市
1984-1985,512621,511121,仁寿县
1984-1985,512622,511122,眉山县
1984-1985,512623,511123,犍为县
1984-1985,512624,511124,井研县
1984-1985,512625,511125,峨眉县
1984-1985,512626,511126,夹江县
1984-1985,512627,511127,洪雅县
1984-1985,512628,511128,彭山县
1984-1985,512629,511129,沐川县
1984-1985,512630,511130,青神县
1984-1985,512631,511131,丹棱县
1984-1985,512632,511132,峨边彝族自治县
1984-1985,512633,511133,马边彝族自治县
1984-1985,512800,510700,绵阳地区 -> 绵阳市
1984-1985,512823,510724,安县
1984-1985,512824,510721,江油县
1984-1985,512825,510725,梓潼县
1984-1985,512826,510823,剑阁县
1984-1985,512828,510821,旺苍县
1984-1985,512829,510822,青川县
1984-1985,512830,510727,平武县
1984-1985,512831,510726,北川县
1984-1985,512833,510722,三台县
1984-1985,512835,510921,蓬溪县
1984-1985,512836,510922,射洪县
1984-1985,512837,510723,盐亭县
1984-1985,512931,510824,苍溪县
1984-1985,530128,530128,禄劝县 -> 禄劝彝族苗族自治县
1984-1985,532530,532530,金平县 -> 金平苗族瑶族傣族自治县
1984-1985,532722,532722,普洱县 -> 普洱哈尼族彝族自治县
1984-1985,532724,532724,景东县 -> 景东彝族自治县
1984-1985,532725,532725,景谷县 -> 景谷傣族彝族自治县
1984-1985,532922,532922,漾濞县 -> 漾濞彝族自治县
1984-1985,533423,533423,维西县 -> 维西傈僳族自治县
1984-1985,533526,533526,双江县 -> 双江拉祜族佤族布朗族傣族自治县
1984-1985,622121,622102,酒泉县 -> 酒泉市
1984-1985,622221,622201,张掖县 -> 张掖市
1984-1985,622321,622301,武威县 -> 武威市
1984-1985,622324,620423,景泰县
1984-1985,622422,620421,靖远县
1984-1985,622423,620422,会宁县
1984-1985,622500,620500,天水地区 -> 天水市
1984-1985,622521,620525,张家川回族自治县
1984-1985,622523,620521,清水县
1984-1985,622524,622630,徽县
1984-1985,622525,622629,两当县
1984-1985,622526,622628,礼县
1984-1985,622527,622627,西和县
1984-1985,622528,620524,武山县
1984-1985,622529,620523,甘谷县
1984-1985,622530,620522,秦安县
1984-1985,622531,622428,漳县
1984-1985,622622,622429,岷县
1984-1985,630121,630121,大通县 -> 大通回族土族自治县
1984-1985,632122,632122,民和县 -> 民和回族土族自治县
1984-1985,652721,652701,博乐县 -> 博乐市
1985-1986,110225,110111,房山县 -> 房山区
1985-1986,130321,130321,青龙县 -> 青龙满族自治县
1985-1986,132131,130422,武安县
1985-1986,132221,130521,邢台县
1985-1986,132230,132201,南宫县 -> 南宫市
1985-1986,132327,130123,栾城县
1985-1986,132328,130124,正定县
1985-1986,132431,130622,清苑县
1985-1986,132627,132627,丰宁县 -> 丰宁满族自治县
1985-1986,132932,130922,青县
1985-1986,132933,132903,任丘县 -> 任丘市
1985-1986,210219,219001,瓦房店市
1985-1986,210319,219002,海城市
1985-1986,210511,210505,南芬区
1985-1986,210719,219003,锦西市
1985-1986,210722,219004,兴城县 -> 兴城市
1985-1986,211102,211122,盘山区 -> 盘山县
1985-1986,211203,219005,铁法区 -> 铁法市
1985-1986,211319,219006,北票市
1985-1986,231020,239001,绥芬河市
1985-1986,232322,232303,肇东县 -> 肇东市
1985-1986,321029,329002,仪征县 -> 仪征市
1985-1986,330219,339001,余姚市
1985-1986,330423,339002,海宁县 -> 海宁市
1985-1986,330701,339003,兰溪市
1985-1986,332521,332501,丽水县 -> 丽水市
1985-1986,332621,332602,临海县 -> 临海市
1985-1986,350420,359001,永安市
1985-1986,370620,379006,威海市
1985-1986,370823,379003,曲阜县 -> 曲阜市
1985-1986,370981,379004,莱芜市
1985-1986,370982,379005,新泰市
1985-1986,410524,410622,淇县
1985-1986,410525,410621,浚县
1985-1986,410921,410526,滑县
1985-1986,410924,410527,内黄县
1985-1986,410925,410728,长垣县
1985-1986,412221,410824,沁阳县
1985-1986,412223,410827,济源县
1985-1986,412224,410826,孟县
1985-1986,412225,410825,温县
1985-1986,412226,410823,武陟县
1985-1986,412228,410724,获嘉县
1985-1986,412230,410723,辉县
1985-1986,412232,410725,原阳县
1985-1986,412233,410726,延津县
1985-1986,412234,410727,封丘县
1985-1986,412502,419001,义马市
1985-1986,412524,411221,渑池县
1985-1986,412525,411222,陕县
1985-1986,412526,411223,灵宝县
1985-1986,412527,410329,伊川县
1985-1986,412528,410326,汝阳县
1985-1986,412529,410325,嵩县
1985-1986,412530,410328,洛宁县
1985-1986,412531,411224,卢氏县
1985-1986,412532,410324,栾川县
1985-1986,412533,410424,临汝县
1985-1986,412534,410327,宜阳县
1985-1986,412600,411000,许昌地区 -> 许昌市
1985-1986,412621,411022,长葛县
1985-1986,412622,411021,禹县
1985-1986,412623,411024,鄢陵县
1985-1986,412625,410425,郏县
1985-1986,412626,411122,临颍县
1985-1986,412627,410426,襄城县
1985-1986,412629,411123,郾城县
1985-1986,412632,411121,舞阳县
1985-1986,422124,422101,麻城县 -> 麻城市
1985-1986,422227,422202,应城县 -> 应城市
1985-1986,422323,422302,蒲圻县 -> 蒲圻市
1985-1986,422424,422402,石首县 -> 石首市
1985-1986,422824,422802,利川县 -> 利川市
1985-1986,430219,439001,醴陵市
1985-1986,430322,439002,湘乡县 -> 湘乡市
1985-1986,430427,439003,耒阳县 -> 耒阳市
1985-1986,432222,430626,平江县
1985-1986,432223,430624,湘阴县
1985-1986,432224,430627,汨罗县
1985-1986,432225,430622,临湘县
1985-1986,432226,430623,华容县
1985-1986,432621,430523,邵阳县
1985-1986,432622,430524,隆回县
1985-1986,432623,430526,武冈县
1985-1986,432624,430525,洞口县
1985-1986,432625,430528,新宁县
1985-1986,432626,430527,绥宁县
1985-1986,432627,430529,城步苗族自治县
1985-1986,433027,433027,芷江县 -> 芷江侗族自治县
1985-1986,449001,449001,潮州市
1985-1986,449002,449002,中山市
1985-1986,442101,449003,海口市
1985-1986,452724,452724,环江县 -> 环江毛南族自治县
1985-1986,522125,522125,道真县 -> 道真仡佬族苗族自治县
1985-1986,522126,522126,务川县 -> 务川仡佬族苗族自治县
1985-1986,522226,522226,印江县 -> 印江土家族苗族自治县
1985-1986,522228,522228,沿河县 -> 沿河土家族自治县
1985-1986,542321,542301,日喀则县 -> 日喀则市
1985-1986,542721,542323,江孜县
1985-1986,542722,542233,浪卡子县
1985-1986,542723,542329,白朗县
1985-1986,542724,542330,仁布县
1985-1986,542725,542331,康马县
1985-1986,542726,542334,亚东县
1985-1986,542727,542338,岗巴县
1985-1986,653021,653001,阿图什县 -> 阿图什市
1986-1987,132222,132202,沙河县 -> 沙河市
1986-1987,222321,222303,扶余县 -> 扶余市
1986-1987,230122,239002,阿城县 -> 阿城市
1986-1987,230825,230521,集贤县
1986-1987,230829,230422,绥滨县
1986-1987,230830,230421,萝北县
1986-1987,230831,239003,同江县 -> 同江市
1986-1987,320221,329005,江阴县 -> 江阴市
1986-1987,320824,329006,宿迁县 -> 宿迁市
1986-1987,320828,329010,淮安县 -> 淮安市
1986-1987,320927,329008,东台县 -> 东台市
1986-1987,321021,329009,兴化县 -> 兴化市
1986-1987,321122,329007,丹阳县 -> 丹阳市
1986-1987,330121,339005,萧山县 -> 萧山市
1986-1987,330325,339004,瑞安县 -> 瑞安市
1986-1987,330823,339006,江山县 -> 江山市
1986-1987,332700,330900,舟山地区 -> 舟山市
1986-1987,332721,330902,定海县 -> 定海区
1986-1987,332722,330903,普陀县 -> 普陀区
1986-1987,332723,330921,岱山县
1986-1987,332724,330922,嵊泗县
1986-1987,342521,342501,宣城县 -> 宣城市
1986-1987,342701,341002,屯溪市 -> 屯溪区
1986-1987,342721,342531,绩溪县
1986-1987,342722,342530,旌德县
1986-1987,342723,341021,歙县
1986-1987,342724,341022,休宁县
1986-1987,342725,341023,黟县
1986-1987,342726,341024,祁门县
1986-1987,342728,342831,石台县
1986-1987,362521,362501,临川县 -> 临川市
1986-1987,370121,370112,历城县 -> 历城区
1986-1987,370627,379008,莱阳县 -> 莱阳市
1986-1987,370630,371021,乳山县
1986-1987,370632,371022,文登县
1986-1987,370633,371023,荣成县
1986-1987,370728,379007,诸城县 -> 诸城市
1986-1987,422225,422203,安陆县 -> 安陆市
1986-1987,422426,422403,洪湖县 -> 洪湖市
1986-1987,422428,422404,天门县 -> 天门市
1986-1987,430627,439004,汨罗县 -> 汨罗市
1986-1987,432521,432503,涟源县 -> 涟源市
1986-1987,442202,442102,通什市
1986-1987,442222,442130,东方县 -> 东方黎族自治县
1986-1987,442223,442131,乐东县 -> 乐东黎族自治县
1986-1987,442224,442132,琼中县 -> 琼中黎族苗族自治县
1986-1987,442225,442133,保亭县 -> 保亭黎族苗族自治县
1986-1987,442226,442134,陵水县 -> 陵水黎族自治县
1986-1987,442227,442135,白沙县 -> 白沙黎族自治县
1986-1987,442228,442136,昌江县 -> 昌江黎族自治县
1986-1987,452825,450521,合浦县
1986-1987,513200,513200,阿坝藏族自治州 -> 阿坝藏族羌族自治州
1986-1987,522221,522201,铜仁县 -> 铜仁市
1986-1987,522321,522301,兴义县 -> 兴义市
1986-1987,533325,533325,兰坪县 -> 兰坪白族普米族自治县
1986-1987,622122,622103,敦煌县 -> 敦煌市
1987-1988,130422,139001,武安县 -> 武安市
1987-1988,132800,131000,廊坊地区 -> 廊坊市
1987-1988,132821,131021,三河县
1987-1988,132822,131028,大厂回族自治县
1987-1988,132823,131024,香河县
1987-1988,132825,131023,永清县
1987-1988,132826,131022,固安县
1987-1988,132827,131027,霸县
1987-1988,132828,131026,文安县
1987-1988,132829,131025,大城县
1987-1988,142127,140621,山阴县
1987-1988,142129,140603,平鲁县 -> 平鲁区
1987-1988,211222,219007,开原县 -> 开原市
1987-1988,220123,229005,九台县 -> 九台市
1987-1988,220225,229004,桦甸县 -> 桦甸市
1987-1988,220319,229001,公主岭市
1987-1988,220323,220323,伊通县 -> 伊通满族自治县
1987-1988,220519,229002,梅河口市
1987-1988,220522,229003,集安县 -> 集安市
1987-1988,222325,222304,大安县 -> 大安市
1987-1988,222421,222405,龙井县 -> 龙井市
1987-1988,222425,222404,珲春县 -> 珲春市
1987-1988,230721,239005,铁力县 -> 铁力市
1987-1988,230821,239004,富锦县 -> 富锦市
1987-1988,231026,239006,密山县 -> 密山市
1987-1988,232124,232101,双城县 -> 双城市
1987-1988,232129,232102,尚志县 -> 尚志市
1987-1988,310223,310113,宝山县 -> 宝山区
1987-1988,320223,329011,宜兴县 -> 宜兴市
1987-1988,330222,339009,慈溪县 -> 慈溪市
1987-1988,330224,339010,奉化县 -> 奉化市
1987-1988,330724,339008,东阳县 -> 东阳市
1987-1988,330725,339007,义乌县 -> 义乌市
1987-1988,340224,342923,青阳县
1987-1988,342821,340822,怀宁县
1987-1988,342822,340821,桐城县
1987-1988,342823,340823,枞阳县
1987-1988,342824,340824,潜山县
1987-1988,342825,340825,太湖县
1987-1988,342826,340826,宿松县
1987-1988,342827,340827,望江县
1987-1988,342828,340828,岳西县
1987-1988,342829,342921,东至县
1987-1988,342830,342901,贵池县 -> 贵池市
1987-1988,342831,342922,石台县
1987-1988,352221,352201,宁德县 -> 宁德市
1987-1988,362221,362202,丰城县 -> 丰城市
1987-1988,370221,370212,崂山县 -> 崂山区
1987-1988,371022,379011,文登县 -> 文登市
1987-1988,371023,379012,荣成县 -> 荣成市
1987-1988,372427,372402,乐陵县 -> 乐陵市
1987-1988,410827,419003,济源县 -> 济源市
1987-1988,420622,429003,枣阳县 -> 枣阳市
1987-1988,422429,422405,潜江县 -> 潜江市
1987-1988,422724,422702,当阳县 -> 当阳市
1987-1988,432323,432302,沅江县 -> 沅江市
1987-1988,432400,430700,常德地区 -> 常德市
1987-1988,432402,439005,津市市
1987-1988,432422,430721,安乡县
1987-1988,432423,430722,汉寿县
1987-1988,432424,430723,澧县
1987-1988,432425,430724,临澧县
1987-1988,432426,430725,桃源县
1987-1988,432427,430726,石门县
1987-1988,432428,430821,慈利县
1987-1988,433025,433025,麻阳县 -> 麻阳苗族自治县
1987-1988,433129,430822,桑植县
1987-1988,440106,440107,芳村区
1987-1988,440107,440106,天河区
1987-1988,440123,440233,新丰县
1987-1988,440124,441324,龙门县
1987-1988,440128,441821,佛冈县
1987-1988,440226,441824,连县
1987-1988,440227,441823,阳山县
1987-1988,440228,441822,英德县
1987-1988,440230,441825,连山壮族瑶族自治县
1987-1988,440231,441826,连南瑶族自治县
1987-1988,440727,441722,阳春县
1987-1988,441000,460100,海口市
1987-1988,441100,460200,三亚市
1987-1988,442102,460001,通什市
1987-1988,442121,460021,琼山县
1987-1988,442122,460022,文昌县
1987-1988,442123,460023,琼海县
1987-1988,442124,460024,万宁县
1987-1988,442125,460025,定安县
1987-1988,442126,460026,屯昌县
1987-1988,442127,460027,澄迈县
1987-1988,442128,460028,临高县
1987-1988,442129,460029,儋县
1987-1988,442130,460032,东方黎族自治县
1987-1988,442131,460033,乐东黎族自治县
1987-1988,442132,460036,琼中黎族苗族自治县
1987-1988,442133,460035,保亭黎族苗族自治县
1987-1988,442134,460034,陵水黎族自治县
1987-1988,442135,460030,白沙黎族自治县
1987-1988,442136,460031,昌江黎族自治县
1987-1988,442422,441422,大埔县
1987-1988,442423,441423,丰顺县
1987-1988,442424,441424,五华县
1987-1988,442425,441425,兴宁县
1987-1988,442426,441426,平远县
1987-1988,442427,441427,蕉岭县
1987-1988,442521,441321,惠阳县
1987-1988,442522,441621,紫金县
1987-1988,442523,441624,和平县
1987-1988,442524,441623,连平县
1987-1988,442526,441322,博罗县
1987-1988,442528,441323,惠东县
1987-1988,442529,441622,龙川县
1987-1988,442530,441522,陆丰县
1987-1988,442531,441521,海丰县
1987-1988,442800,441200,肇庆地区 -> 肇庆市
1987-1988,442821,441221,高要县
1987-1988,442822,441222,四会县
1987-1988,442823,441223,广宁县
1987-1988,442824,441224,怀集县
1987-1988,442825,441225,封开县
1987-1988,442826,441226,德庆县
1987-1988,442827,441227,云浮县
1987-1988,442828,441228,新兴县
1987-1988,442829,441229,郁南县
1987-1988,442830,441230,罗定县
1987-1988,510624,519001,广汉县 -> 广汉市
1987-1988,510721,519002,江油县 -> 江油市
1987-1988,512325,513521,石柱土家族自治县
1987-1988,512327,513525,彭水苗族土家族自治县
1987-1988,512329,513524,酉阳土家族苗族自治县
1987-1988,512330,513522,秀山土家族苗族自治县
1987-1988,612421,612401,安康县 -> 安康市
1987-1988,612721,612701,榆林县 -> 榆林市
1988-1989,132325,132302,藁城县 -> 藁城市
1988-1989,132622,132622,宽城县 -> 宽城满族自治县
1988-1989,132629,132629,围场县 -> 围场满族蒙古族自治县
1988-1989,132930,132904,黄骅县 -> 黄骅市
1988-1989,210423,210423,清原县 -> 清原满族自治县
1988-1989,210521,210521,本溪县 -> 本溪满族自治县
1988-1989,210522,210522,桓仁县 -> 桓仁满族自治县
1988-1989,210624,210624,宽甸县 -> 宽甸满族自治县
1988-1989,210704,211404,南票区
1988-1989,210705,211405,葫芦岛区
1988-1989,210723,211421,绥中县
1988-1989,210725,210725,北镇县 -> 北镇满族自治县
1988-1989,211325,211422,建昌县
1988-1989,220224,229006,蛟河县 -> 蛟河市
1988-1989,232321,232304,海伦县 -> 海伦市
1988-1989,320523,329012,昆山县 -> 昆山市
1988-1989,320626,329013,启东县 -> 启东市
1988-1989,330625,339011,诸暨县 -> 诸暨市
1988-1989,332622,332603,黄岩县 -> 黄岩市
1988-1989,342129,342103,界首县 -> 界首市
1988-1989,352226,352202,福安县 -> 福安市
1988-1989,360422,369001,瑞昌县 -> 瑞昌市
1988-1989,370222,379013,即墨县 -> 即墨市
1988-1989,370226,379014,平度县 -> 平度市
1988-1989,372331,370322,高青县
1988-1989,372429,370126,商河县
1988-1989,372430,370125,济阳县
1988-1989,372828,370323,沂源县
1988-1989,372927,370832,梁山县
1988-1989,410824,419007,沁阳县 -> 沁阳市
1989-1990,132922,132905,河间县 -> 河间市
1989-1990,152628,152602,丰镇县 -> 丰镇市
1989-1990,220121,229007,榆树县 -> 榆树市
1989-1990,320326,329014,新沂县 -> 新沂市
1989-1990,320423,329015,溧阳县 -> 溧阳市
1989-1990,332524,332502,龙泉县 -> 龙泉市
1989-1990,350127,359003,福清县 -> 福清市
1989-1990,352626,352602,漳平县 -> 漳平市
1989-1990,362333,362302,德兴县 -> 德兴市
1989-1990,370223,379016,胶南县 -> 胶南市
1989-1990,370225,379015,莱西县 -> 莱西市
1989-1990,410412,419008,舞钢区 -> 舞钢市
1989-1990,430306,439006,韶山区 -> 韶山市
1989-1990,452332,452332,恭城县 -> 恭城瑶族自治县
1989-1990,510111,510106,金牛区
1989-1990,522131,522102,赤水县 -> 赤水市
1989-1990,532726,532726,镇沅县 -> 镇沅彝族哈尼族拉祜族自治县
1989-1990,612125,612103,华阴县 -> 华阴市
1990-1991,132440,132403,安国县 -> 安国市
1990-1991,211323,219009,凌源县 -> 凌源市
1990-1991,230823,230123,依兰县
1990-1991,230824,230522,友谊县
1990-1991,230827,230523,宝清县
1990-1991,232122,230125,宾县
1990-1991,232130,230124,方正县
1990-1991,320622,329016,如皋县 -> 如皋市
1990-1991,321022,329017,高邮县 -> 高邮市
1990-1991,330422,339012,平湖县 -> 平湖市
1990-1991,370622,379017,蓬莱县 -> 蓬莱市
1990-1991,370624,379018,招远县 -> 招远市
1990-1991,440522,445122,饶平县
1990-1991,440526,445222,揭西县
1990-1991,440527,445223,普宁县
1990-1991,440528,445224,惠来县
1990-1991,441703,441723,阳东区 -> 阳东县
1990-1991,512930,512903,阆中县 -> 阆中市
1991-1992,130228,139003,遵化县 -> 遵化市
1991-1992,132329,132304,新乐县 -> 新乐市
1991-1992,142324,142301,孝义县 -> 孝义市
1991-1992,142432,142402,介休县 -> 介休市
1991-1992,210225,219010,庄河县 -> 庄河市
1991-1992,210622,210323,岫岩满族自治县
1991-1992,211225,210123,康平县
1991-1992,211226,210124,法库县
1991-1992,220222,229008,舒兰县 -> 舒兰市
1991-1992,220604,220624,临江区 -> 临江县
1991-1992,222303,220702,扶余市 -> 扶余区
1991-1992,222323,220722,长岭县
1991-1992,222324,220721,前郭尔罗斯蒙古族自治县
1991-1992,222328,220723,乾安县
1991-1992,230222,239008,讷河县 -> 讷河市
1991-1992,230226,230624,杜尔伯特蒙古族自治县
1991-1992,230228,230623,林甸县
1991-1992,231022,239007,海林县 -> 海林市
1991-1992,232328,230622,肇源县
1991-1992,232329,230621,肇州县
1991-1992,310222,310114,嘉定县 -> 嘉定区
1991-1992,320525,329018,吴江县 -> 吴江市
1991-1992,321025,329020,泰兴县 -> 泰兴市
1991-1992,330126,339013,建德县 -> 建德市
1991-1992,330321,330304,瓯海县 -> 瓯海区
1991-1992,330622,339015,上虞县 -> 上虞市
1991-1992,330722,339014,永康县 -> 永康市
1991-1992,342321,341121,天长县
1991-1992,342322,341122,来安县
1991-1992,342324,341124,全椒县
1991-1992,342325,341125,定远县
1991-1992,342326,341126,凤阳县
1991-1992,342327,341127,嘉山县
1991-1992,350522,359004,晋江县 -> 晋江市
1991-1992,352123,352104,建瓯县 -> 建瓯市
1991-1992,360221,369002,乐平县 -> 乐平市
1991-1992,362431,360321,莲花县
1991-1992,370122,379020,章丘县 -> 章丘市
1991-1992,370729,371121,五莲县
1991-1992,370822,379021,兖州县 -> 兖州市
1991-1992,370922,379019,肥城县 -> 肥城市
1991-1992,372826,371122,莒县
1991-1992,422431,422406,钟祥县 -> 钟祥市
1991-1992,422701,429007,枝城市
1991-1992,422702,429008,当阳市
1991-1992,422721,420521,宜昌县
1991-1992,422723,420523,枝江县
1991-1992,422725,420525,远安县
1991-1992,422726,420526,兴山县
1991-1992,422727,420527,秭归县
1991-1992,422728,420528,长阳土家族自治县
1991-1992,422729,420529,五峰土家族自治县
1991-1992,430622,439007,临湘县 -> 临湘市
1991-1992,440126,449003,番禺县 -> 番禺市
1991-1992,440321,440306,宝安县 -> 宝安区
1991-1992,440622,449004,南海县 -> 南海市
1991-1992,440623,449001,顺德县 -> 顺德市
1991-1992,440721,449006,新会县 -> 新会市
1991-1992,440722,449002,台山县 -> 台山市
1991-1992,441227,449005,云浮县 -> 云浮市
1991-1992,460023,460002,琼海县 -> 琼海市
1991-1992,510225,519007,江津县 -> 江津市
1991-1992,510226,519006,合川县 -> 合川市
1991-1992,510229,519005,永川县 -> 永川市
1991-1992,512200,511200,万县地区 -> 万县市
1991-1992,512222,511221,开县
1991-1992,512223,511222,忠县
1991-1992,512224,511223,梁平县
1991-1992,512225,511224,云阳县
1991-1992,512226,511225,奉节县
1991-1992,512227,511226,巫山县
1991-1992,512228,511227,巫溪县
1991-1992,512229,511228,城口县
1991-1992,522525,522502,清镇县 -> 清镇市
1991-1992,533125,533102,瑞丽县 -> 瑞丽市
1991-1992,652326,652302,阜康县 -> 阜康市
1992-1993,130123,130124,栾城县
1992-1993,130124,130123,正定县
1992-1993,131021,139012,三河县
1992-1993,132121,130425,大名县
1992-1993,132122,130434,魏县
1992-1993,132123,130435,曲周县
1992-1993,132124,130430,丘县
1992-1993,132125,130431,鸡泽县
1992-1993,132126,130428,肥乡县
1992-1993,132127,130432,广平县
1992-1993,132128,130424,成安县
1992-1993,132129,130423,临漳县
1992-1993,132130,130427,磁县
1992-1993,132132,130426,涉县
1992-1993,132133,130429,永年县
1992-1993,132135,130433,馆陶县
1992-1993,132201,139013,南宫市
1992-1993,132202,139014,沙河市
1992-1993,132223,130522,临城县
1992-1993,132224,130523,内丘县
1992-1993,132225,130524,柏乡县
1992-1993,132226,130525,隆尧县
1992-1993,132227,130526,任县
1992-1993,132228,130527,南和县
1992-1993,132229,130528,宁晋县
1992-1993,132231,130529,巨鹿县
1992-1993,132232,130530,新河县
1992-1993,132233,130531,广宗县
1992-1993,132234,130532,平乡县
1992-1993,132235,130533,威县
1992-1993,132236,130534,清河县
1992-1993,132237,130535,临西县
1992-1993,132301,139004,辛集市
1992-1993,132302,139005,藁城市
1992-1993,132303,139006,晋州市
1992-1993,132304,139007,新乐市
1992-1993,132323,130128,深泽县
1992-1993,132324,130130,无极县
1992-1993,132326,130133,赵县
1992-1993,132330,130127,高邑县
1992-1993,132331,130132,元氏县
1992-1993,132332,130129,赞皇县
1992-1993,132335,130131,平山县
1992-1993,132336,130126,灵寿县
1992-1993,132337,130125,行唐县
1992-1993,132521,130722,张北县
1992-1993,132522,130723,康保县
1992-1993,132523,130724,沽源县
1992-1993,132524,130725,尚义县
1992-1993,132525,130726,蔚县
1992-1993,132526,130727,阳原县
1992-1993,132527,130728,怀安县
1992-1993,132528,130729,万全县
1992-1993,132529,130730,怀来县
1992-1993,132530,130731,涿鹿县
1992-1993,132532,130732,赤城县
1992-1993,132533,130733,崇礼县
1992-1993,132622,130827,宽城满族自治县
1992-1993,132623,130822,兴隆县
1992-1993,132624,130823,平泉县
1992-1993,132626,130824,滦平县
1992-1993,132627,130826,丰宁满族自治县
1992-1993,132628,130825,隆化县
1992-1993,132629,130828,围场满族蒙古族自治县
1992-1993,132902,139008,泊头市
1992-1993,132903,139009,任丘市
1992-1993,132904,139010,黄骅市
1992-1993,132905,139011,河间市
1992-1993,132923,130926,肃宁县
1992-1993,132924,130929,献县
1992-1993,132926,130928,吴桥县
1992-1993,132927,130923,东光县
1992-1993,132928,130927,南皮县
1992-1993,132929,130925,盐山县
1992-1993,132931,130930,孟村回族自治县
1992-1993,132934,130924,海兴县
1992-1993,140523,149002,高平县 -> 高平市
1992-1993,142121,140221,阳高县
1992-1993,142122,140222,天镇县
1992-1993,142123,140223,广灵县
1992-1993,142124,140224,灵丘县
1992-1993,142125,140225,浑源县
1992-1993,142126,140622,应县
1992-1993,142130,140226,左云县
1992-1993,142131,140623,右玉县
1992-1993,142132,140227,大同县
1992-1993,142133,140624,怀仁县
1992-1993,142224,142202,原平县 -> 原平市
1992-1993,210121,219013,新民县 -> 新民市
1992-1993,220624,229011,临江县 -> 临江市
1992-1993,222300,220800,白城地区 -> 白城市
1992-1993,222302,229010,洮南市
1992-1993,222304,229009,大安市
1992-1993,222326,220821,镇赉县
1992-1993,222327,220822,通榆县
1992-1993,222423,222406,和龙县 -> 和龙市
1992-1993,230832,230524,饶河县
1992-1993,231021,239011,宁安县 -> 宁安市
1992-1993,231027,230322,虎林县
1992-1993,232125,232103,五常县 -> 五常市
1992-1993,232600,231100,黑河地区 -> 黑河市
1992-1993,232602,239009,北安市
1992-1993,232603,239010,五大连池市
1992-1993,232622,231121,嫩江县
1992-1993,232623,231122,德都县
1992-1993,232625,231123,逊克县
1992-1993,232626,231124,孙吴县
1992-1993,320422,329024,金坛县 -> 金坛市
1992-1993,320522,329022,太仓县 -> 太仓市
1992-1993,321024,329023,靖江县 -> 靖江市
1992-1993,330323,339017,乐清县 -> 乐清市
1992-1993,330425,339016,桐乡县 -> 桐乡市
1992-1993,341121,349001,天长县 -> 天长市
1992-1993,350523,359005,南安县 -> 南安市
1992-1993,350621,359006,龙海县 -> 龙海市
1992-1993,362222,362204,高安县 -> 高安市
1992-1993,370723,379023,寿光县 -> 寿光市
1992-1993,371021,379024,乳山县 -> 乳山市
1992-1993,372426,372403,禹城县 -> 禹城市
1992-1993,410321,419012,偃师县 -> 偃师市
1992-1993,411022,419011,长葛县 -> 长葛市
1992-1993,411223,419010,灵宝县 -> 灵宝市
1992-1993,412729,412702,项城县 -> 项城市
1992-1993,422200,420900,孝感地区 -> 孝感市
1992-1993,422202,429009,应城市
1992-1993,422203,429010,安陆市
1992-1993,422204,429011,广水市
1992-1993,422223,420922,大悟县
1992-1993,422226,420923,云梦县
1992-1993,422228,420924,汉川县
1992-1993,430123,439008,浏阳县 -> 浏阳市
1992-1993,440125,449017,增城县 -> 增城市
1992-1993,440524,449011,潮阳县 -> 潮阳市
1992-1993,440621,449008,三水县 -> 三水市
1992-1993,440724,449007,开平县 -> 开平市
1992-1993,440725,449015,鹤山县 -> 鹤山市
1992-1993,440822,449018,廉江县 -> 廉江市
1992-1993,440922,449012,高州县 -> 高州市
1992-1993,441221,449014,高要县 -> 高要市
1992-1993,441222,449016,四会县 -> 四会市
1992-1993,441230,449010,罗定县 -> 罗定市
1992-1993,445223,449009,普宁县 -> 普宁市
1992-1993,452821,450621,上思县
1992-1993,511026,519009,资阳县 -> 资阳市
1992-1993,512900,511300,南充地区 -> 南充市
1992-1993,512902,513601,华蓥市
1992-1993,512903,519008,阆中市
1992-1993,512922,511321,南部县
1992-1993,512923,513621,岳池县
1992-1993,512924,511322,营山县
1992-1993,512926,511323,蓬安县
1992-1993,512927,511324,仪陇县
1992-1993,512928,513623,武胜县
1992-1993,512929,511325,西充县
1992-1993,513024,513002,万源县 -> 万源市
1992-1993,513025,513721,通江县
1992-1993,513026,513722,南江县
1992-1993,513028,513723,平昌县
1992-1993,513031,513624,邻水县
1992-1993,522421,522401,毕节县 -> 毕节市
1992-1993,532721,532701,思茅县 -> 思茅市
1992-1993,532821,532801,景洪县 -> 景洪市
1992-1993,610421,619001,兴平县 -> 兴平市
1993-1994,130222,139020,丰南县 -> 丰南市
1993-1994,132401,139015,定州市
1993-1994,132402,139016,涿州市
1993-1994,132403,139017,安国市
1993-1994,132404,139018,高碑店市
1993-1994,132421,130633,易县
1993-1994,132423,130625,徐水县
1993-1994,132424,130630,涞源县
1993-1994,132425,130626,定兴县
1993-1994,132426,130636,顺平县
1993-1994,132427,130627,唐县
1993-1994,132428,130631,望都县
1993-1994,132429,130623,涞水县
1993-1994,132432,130628,高阳县
1993-1994,132433,130632,安新县
1993-1994,132434,130638,雄县
1993-1994,132435,130629,容城县
1993-1994,132437,130634,曲阳县
1993-1994,132438,130624,阜平县
1993-1994,132441,130637,博野县
1993-1994,132442,130635,蠡县
1993-1994,139012,139012,三河县 -> 三河市
1993-1994,140422,149003,潞城县 -> 潞城市
1993-1994,142722,142703,永济县 -> 永济市
1993-1994,142728,142702,河津县 -> 河津市
1993-1994,210621,219016,凤城满族自治县 -> 凤城市
1993-1994,220124,229012,德惠县 -> 德惠市
1993-1994,320625,329026,海门县 -> 海门市
1993-1994,321026,329025,江都县 -> 江都市
1993-1994,321124,329027,扬中县 -> 扬中市
1993-1994,330123,339019,富阳县 -> 富阳市
1993-1994,330125,339021,余杭县 -> 余杭市
1993-1994,332600,331000,台州地区 -> 台州市
1993-1994,332601,331002,椒江市 -> 椒江区
1993-1994,332602,339018,临海市
1993-1994,332603,331003,黄岩市 -> 黄岩区
1993-1994,332623,339020,温岭县 -> 温岭市
1993-1994,332624,331024,仙居县
1993-1994,332625,331023,天台县
1993-1994,332626,331022,三门县
1993-1994,332627,331021,玉环县
1993-1994,350126,359011,长乐县 -> 长乐市
1993-1994,352100,350700,南平地区 -> 南平市
1993-1994,352102,359007,邵武市
1993-1994,352103,359008,武夷山市
1993-1994,352104,359009,建瓯市
1993-1994,352121,350721,顺昌县
1993-1994,352122,359010,建阳县 -> 建阳市
1993-1994,352124,350722,浦城县
1993-1994,352127,350723,光泽县
1993-1994,352128,350724,松溪县
1993-1994,352129,350725,政和县
1993-1994,362134,362102,瑞金县 -> 瑞金市
1993-1994,370631,370612,牟平县 -> 牟平区
1993-1994,370722,379027,安丘县 -> 安丘市
1993-1994,370726,379028,昌邑县 -> 昌邑市
1993-1994,370727,379029,高密县 -> 高密市
1993-1994,372400,371400,德州地区 -> 德州市
1993-1994,372402,379025,乐陵市
1993-1994,372403,379026,禹城市
1993-1994,372421,371421,陵县
1993-1994,372422,371426,平原县
1993-1994,372423,371427,夏津县
1993-1994,372424,371428,武城县
1993-1994,372425,371425,齐河县
1993-1994,372428,371424,临邑县
1993-1994,372431,371422,宁津县
1993-1994,372432,371423,庆云县
1993-1994,372800,371300,临沂地区 -> 临沂市
1993-1994,372822,371322,郯城县
1993-1994,372823,371324,苍山县
1993-1994,372824,371327,莒南县
1993-1994,372827,371323,沂水县
1993-1994,372829,371328,蒙阴县
1993-1994,372830,371326,平邑县
1993-1994,372831,371325,费县
1993-1994,372832,371321,沂南县
1993-1994,372833,371329,临沭县
1993-1994,410121,419016,荥阳县 -> 荥阳市
1993-1994,410123,419017,新郑县 -> 新郑市
1993-1994,410125,419018,登封县 -> 登封市
1993-1994,412900,411300,南阳地区 -> 南阳市
1993-1994,412902,419013,邓州市
1993-1994,412921,411321,南召县
1993-1994,412922,411322,方城县
1993-1994,412923,411323,西峡县
1993-1994,412925,411324,镇平县
1993-1994,412926,411325,内乡县
1993-1994,412927,411326,淅川县
1993-1994,412928,411327,社旗县
1993-1994,412929,411328,唐河县
1993-1994,412931,411329,新野县
1993-1994,412932,411330,桐柏县
1993-1994,420221,429016,大冶县 -> 大冶市
1993-1994,420623,429017,宜城县 -> 宜城市
1993-1994,422401,429004,仙桃市
1993-1994,422402,429012,石首市
1993-1994,422403,429013,洪湖市
1993-1994,422404,429006,天门市
1993-1994,422405,429005,潜江市
1993-1994,422406,429014,钟祥市
1993-1994,422421,421004,江陵县 -> 江陵区
1993-1994,422422,421024,松滋县
1993-1994,422423,421022,公安县
1993-1994,422425,421023,监利县
1993-1994,422432,421025,京山县
1993-1994,422601,429015,丹江口市
1993-1994,422622,420321,郧县
1993-1994,422623,420322,郧西县
1993-1994,422624,420323,竹山县
1993-1994,422625,420324,竹溪县
1993-1994,422626,420325,房县
1993-1994,430526,439011,武冈县 -> 武冈市
1993-1994,432300,430900,益阳地区 -> 益阳市
1993-1994,432302,439010,沅江市
1993-1994,432322,430921,南县
1993-1994,432325,430922,桃江县
1993-1994,432326,430923,安化县
1993-1994,432800,431000,郴州地区 -> 郴州市
1993-1994,432802,439009,资兴市
1993-1994,432822,431021,桂阳县
1993-1994,432823,431023,永兴县
1993-1994,432824,431022,宜章县
1993-1994,432826,431024,嘉禾县
1993-1994,432827,431025,临武县
1993-1994,432828,431026,汝城县
1993-1994,432829,431027,桂东县
1993-1994,432831,431028,安仁县
1993-1994,440122,449021,从化县 -> 从化市
1993-1994,440225,449026,乐昌县 -> 乐昌市
1993-1994,440502,440507,龙湖区
1993-1994,440503,440508,金园区
1993-1994,440504,440509,升平区
1993-1994,440521,449022,澄海县 -> 澄海市
1993-1994,440624,449023,高明县 -> 高明市
1993-1994,440723,449020,恩平县 -> 恩平市
1993-1994,440821,449029,吴川县 -> 吴川市
1993-1994,440924,449031,化州县 -> 化州市
1993-1994,441228,445321,新兴县
1993-1994,441229,445322,郁南县
1993-1994,441321,449028,惠阳县 -> 惠阳市
1993-1994,441425,449030,兴宁县 -> 兴宁市
1993-1994,441722,449027,阳春县 -> 阳春市
1993-1994,441822,449019,英德县 -> 英德市
1993-1994,452523,452503,桂平县 -> 桂平市
1993-1994,452526,452504,北流县 -> 北流市
1993-1994,452800,450700,钦州地区 -> 钦州市
1993-1994,452824,450721,灵山县
1993-1994,452826,450722,浦北县
1993-1994,460021,460004,琼山县 -> 琼山市
1993-1994,510130,519012,邛崃县 -> 邛崃市
1993-1994,511027,519011,简阳县 -> 简阳市
1993-1994,512323,512302,南川县 -> 南川市
1993-1994,532224,532202,宣威县 -> 宣威市
1993-1994,612100,610500,渭南地区 -> 渭南市
1993-1994,612102,619002,韩城市
1993-1994,612103,619003,华阴市
1993-1994,612124,610521,华县
1993-1994,612126,610522,潼关县
1993-1994,612127,610523,大荔县
1993-1994,612128,610526,蒲城县
1993-1994,612129,610525,澄城县
1993-1994,612130,610527,白水县
1993-1994,612132,610524,合阳县
1993-1994,612133,610528,富平县
1994-1995,139001,130481,武安市
1994-1995,139002,131081,霸州市
1994-1995,139003,130281,遵化市
1994-1995,139004,130181,辛集市
1994-1995,139005,130182,藁城市
1994-1995,139006,130183,晋州市
1994-1995,139007,130184,新乐市
1994-1995,139008,130981,泊头市
1994-1995,139009,130982,任丘市
1994-1995,139010,130983,黄骅市
1994-1995,139011,130984,河间市
1994-1995,139012,131082,三河市
1994-1995,139013,130581,南宫市
1994-1995,139014,130582,沙河市
1994-1995,139015,130682,定州市
1994-1995,139016,130681,涿州市
1994-1995,139017,130683,安国市
1994-1995,139018,130684,高碑店市
1994-1995,139019,130185,鹿泉市
1994-1995,139020,130282,丰南市
1994-1995,149001,140181,古交市
1994-1995,149002,140581,高平市
1994-1995,149003,140481,潞城市
1994-1995,152622,150123,和林格尔县
1994-1995,152623,150124,清水河县
1994-1995,219001,210281,瓦房店市
1994-1995,219002,210381,海城市
1994-1995,219004,211481,兴城市
1994-1995,219005,211281,铁法市
1994-1995,219006,211381,北票市
1994-1995,219007,211282,开原市
1994-1995,219008,210282,普兰店市
1994-1995,219009,211382,凌源市
1994-1995,219010,210283,庄河市
1994-1995,219011,210882,大石桥市
1994-1995,219012,210881,盖州市
1994-1995,219013,210181,新民市
1994-1995,219014,210681,东港市
1994-1995,219015,210781,凌海市
1994-1995,219016,210682,凤城市
1994-1995,220125,220112,双阳县 -> 双阳区
1994-1995,220223,220284,磐石县 -> 磐石市
1994-1995,220702,220724,扶余区 -> 扶余县
1994-1995,229001,220381,公主岭市
1994-1995,229002,220581,梅河口市
1994-1995,229003,220582,集安市
1994-1995,229004,220282,桦甸市
1994-1995,229005,220181,九台市
1994-1995,229006,220281,蛟河市
1994-1995,229007,220182,榆树市
1994-1995,229008,220283,舒兰市
1994-1995,229009,220882,大安市
1994-1995,229010,220881,洮南市
1994-1995,229011,220681,临江市
1994-1995,229012,220183,德惠市
1994-1995,231023,231085,穆棱县 -> 穆棱市
1994-1995,239001,231081,绥芬河市
1994-1995,239002,230181,阿城市
1994-1995,239003,230881,同江市
1994-1995,239004,230882,富锦市
1994-1995,239005,230781,铁力市
1994-1995,239006,230382,密山市
1994-1995,239007,231083,海林市
1994-1995,239008,230281,讷河市
1994-1995,239009,231181,北安市
1994-1995,239010,231182,五大连池市
1994-1995,239011,231084,宁安市
1994-1995,320421,320483,武进县 -> 武进市
1994-1995,321123,321183,句容县 -> 句容市
1994-1995,329001,321082,泰州市
1994-1995,329002,321081,仪征市
1994-1995,329003,320581,常熟市
1994-1995,329004,320582,张家港市
1994-1995,329005,320281,江阴市
1994-1995,329006,320881,宿迁市
1994-1995,329007,321181,丹阳市
1994-1995,329008,320981,东台市
1994-1995,329009,321083,兴化市
1994-1995,329010,320882,淮安市
1994-1995,329011,320282,宜兴市
1994-1995,329012,320583,昆山市
1994-1995,329013,320681,启东市
1994-1995,329014,320381,新沂市
1994-1995,329015,320481,溧阳市
1994-1995,329016,320682,如皋市
1994-1995,329017,321084,高邮市
1994-1995,329018,320584,吴江市
1994-1995,329019,320382,邳州市
1994-1995,329020,321086,泰兴市
1994-1995,329021,320683,通州市
1994-1995,329022,320585,太仓市
1994-1995,329023,321085,靖江市
1994-1995,329024,320482,金坛市
1994-1995,329025,321088,江都市
1994-1995,329026,320684,海门市
1994-1995,329027,321182,扬中市
1994-1995,329028,321087,姜堰市
1994-1995,332501,332582,丽水市
1994-1995,332502,332581,龙泉市
1994-1995,339001,330281,余姚市
1994-1995,339002,330481,海宁市
1994-1995,339003,330781,兰溪市
1994-1995,339004,330381,瑞安市
1994-1995,339005,330181,萧山市
1994-1995,339006,330881,江山市
1994-1995,339007,330782,义乌市
1994-1995,339008,330783,东阳市
1994-1995,339009,330282,慈溪市
1994-1995,339010,330283,奉化市
1994-1995,339011,330681,诸暨市
1994-1995,339012,330482,平湖市
1994-1995,339013,330182,建德市
1994-1995,339014,330784,永康市
1994-1995,339015,330682,上虞市
1994-1995,339016,330483,桐乡市
1994-1995,339017,330382,乐清市
1994-1995,339018,331082,临海市
1994-1995,339019,330183,富阳市
1994-1995,339020,331081,温岭市
1994-1995,339021,330184,余杭市
1994-1995,349001,341181,天长市
1994-1995,349002,341182,明光市
1994-1995,352224,352203,福鼎县 -> 福鼎市
1994-1995,359001,350481,永安市
1994-1995,359002,350581,石狮市
1994-1995,359003,350181,福清市
1994-1995,359004,350582,晋江市
1994-1995,359005,350583,南安市
1994-1995,359006,350681,龙海市
1994-1995,359007,350781,邵武市
1994-1995,359008,350782,武夷山市
1994-1995,359009,350783,建瓯市
1994-1995,359010,350784,建阳市
1994-1995,359011,350182,长乐市
1994-1995,362122,362103,南康县 -> 南康市
1994-1995,369001,360481,瑞昌市
1994-1995,369002,360281,乐平市
1994-1995,370628,370686,栖霞县 -> 栖霞市
1994-1995,379001,370781,青州市
1994-1995,379002,370681,龙口市
1994-1995,379003,370881,曲阜市
1994-1995,379005,370982,新泰市
1994-1995,379006,370281,胶州市
1994-1995,379007,370782,诸城市
1994-1995,379008,370682,莱阳市
1994-1995,379009,370683,莱州市
1994-1995,379010,370481,滕州市
1994-1995,379011,371081,文登市
1994-1995,379012,371082,荣成市
1994-1995,379013,370282,即墨市
1994-1995,379014,370283,平度市
1994-1995,379015,370285,莱西市
1994-1995,379016,370284,胶南市
1994-1995,379017,370684,蓬莱市
1994-1995,379018,370685,招远市
1994-1995,379019,370983,肥城市
1994-1995,379020,370181,章丘市
1994-1995,379021,370882,兖州市
1994-1995,379022,370883,邹城市
1994-1995,379023,370783,寿光市
1994-1995,379024,371083,乳山市
1994-1995,379025,371481,乐陵市
1994-1995,379026,371482,禹城市
1994-1995,379027,370784,安丘市
1994-1995,379028,370786,昌邑市
1994-1995,379029,370785,高密市
1994-1995,419001,411281,义马市
1994-1995,419002,410482,汝州市
1994-1995,419003,410881,济源市
1994-1995,419004,411081,禹州市
1994-1995,419005,410781,卫辉市
1994-1995,419006,410782,辉县市
1994-1995,419007,410882,沁阳市
1994-1995,419008,410481,舞钢市
1994-1995,419009,410181,巩义市
1994-1995,419010,411282,灵宝市
1994-1995,419011,411082,长葛市
1994-1995,419012,410381,偃师市
1994-1995,419013,411381,邓州市
1994-1995,419014,410581,林州市
1994-1995,419015,410183,新密市
1994-1995,419016,410182,荥阳市
1994-1995,419017,410184,新郑市
1994-1995,419018,410185,登封市
1994-1995,421024,421087,松滋县 -> 松滋市
1994-1995,422100,421100,黄冈地区 -> 黄冈市
1994-1995,422101,421181,麻城市
1994-1995,422102,421182,武穴市
1994-1995,422103,421102,黄州市 -> 黄州区
1994-1995,422123,421122,红安县
1994-1995,422125,421123,罗田县
1994-1995,422126,421124,英山县
1994-1995,422127,421125,浠水县
1994-1995,422128,421126,蕲春县
1994-1995,422130,421127,黄梅县
1994-1995,429002,420682,老河口市
1994-1995,429003,420683,枣阳市
1994-1995,429007,420583,枝城市
1994-1995,429008,420582,当阳市
1994-1995,429009,420981,应城市
1994-1995,429010,420982,安陆市
1994-1995,429011,420983,广水市
1994-1995,429012,421081,石首市
1994-1995,429013,421083,洪湖市
1994-1995,429014,421082,钟祥市
1994-1995,429015,420381,丹江口市
1994-1995,429016,420281,大冶市
1994-1995,429017,420684,宜城市
1994-1995,432902,431103,冷水滩市 -> 冷水滩区
1994-1995,432922,431122,东安县
1994-1995,432923,431124,道县
1994-1995,432924,431126,宁远县
1994-1995,432925,431125,江永县
1994-1995,432926,431129,江华瑶族自治县
1994-1995,432927,431127,蓝山县
1994-1995,432928,431128,新田县
1994-1995,432929,431123,双牌县
1994-1995,432930,431121,祁阳县
1994-1995,439001,430281,醴陵市
1994-1995,439002,430381,湘乡市
1994-1995,439003,430481,耒阳市
1994-1995,439004,430681,汨罗市
1994-1995,439005,430781,津市市
1994-1995,439006,430382,韶山市
1994-1995,439007,430682,临湘市
1994-1995,439008,430181,浏阳市
1994-1995,439009,431081,资兴市
1994-1995,439010,430981,沅江市
1994-1995,439011,430581,武冈市
1994-1995,440921,440983,信宜县 -> 信宜市
1994-1995,441522,441581,陆丰县 -> 陆丰市
1994-1995,449001,440681,顺德市
1994-1995,449002,440781,台山市
1994-1995,449003,440181,番禺市
1994-1995,449004,440682,南海市
1994-1995,449006,440782,新会市
1994-1995,449007,440783,开平市
1994-1995,449008,440683,三水市
1994-1995,449009,445281,普宁市
1994-1995,449010,445381,罗定市
1994-1995,449011,440582,潮阳市
1994-1995,449012,440981,高州市
1994-1995,449013,440182,花都市
1994-1995,449014,441283,高要市
1994-1995,449015,440784,鹤山市
1994-1995,449016,441284,四会市
1994-1995,449017,440183,增城市
1994-1995,449018,440881,廉江市
1994-1995,449019,441881,英德市
1994-1995,449020,440785,恩平市
1994-1995,449021,440184,从化市
1994-1995,449022,440583,澄海市
1994-1995,449023,440684,高明市
1994-1995,449024,441882,连州市
1994-1995,449025,440882,雷州市
1994-1995,449026,440281,乐昌市
1994-1995,449027,441781,阳春市
1994-1995,449028,441381,惠阳市
1994-1995,449029,440883,吴川市
1994-1995,449030,441481,兴宁市
1994-1995,449031,440982,化州市
1994-1995,452421,452401,岑溪县 -> 岑溪市
1994-1995,452503,450881,桂平市
1994-1995,452524,450821,平南县
1994-1995,460022,460005,文昌县 -> 文昌市
1994-1995,510523,510503,纳溪县 -> 纳溪区
1994-1995,510625,510682,什邡县 -> 什邡市
1994-1995,512300,517000,涪陵地区 -> 涪陵市
1994-1995,512302,517081,南川市
1994-1995,512322,517021,垫江县
1994-1995,512324,517022,丰都县
1994-1995,512326,517023,武隆县
1994-1995,519001,510681,广汉市
1994-1995,519002,510781,江油市
1994-1995,519003,510181,都江堰市
1994-1995,519004,511181,峨眉山市
1994-1995,519005,510281,永川市
1994-1995,519006,510282,合川市
1994-1995,519007,510283,江津市
1994-1995,519008,511381,阆中市
1994-1995,519009,511081,资阳市
1994-1995,519010,510182,彭州市
1994-1995,519011,511082,简阳市
1994-1995,519012,510183,邛崃市
1994-1995,519013,510184,崇州市
1994-1995,522130,522103,仁怀县 -> 仁怀市
1994-1995,522502,520181,清镇市
1994-1995,522522,520121,开阳县
1994-1995,522523,520122,息烽县
1994-1995,522524,520123,修文县
1994-1995,530123,530181,安宁县 -> 安宁市
1994-1995,619001,610481,兴平市
1994-1995,619002,610581,韩城市
1994-1995,619003,610582,华阴市
1995-1996,130226,130283,迁安县 -> 迁安市
1995-1996,133000,131100,衡水地区 -> 衡水市
1995-1996,133002,131181,冀州市
1995-1996,133003,131182,深州市
1995-1996,133023,131121,枣强县
1995-1996,133024,131122,武邑县
1995-1996,133026,131123,武强县
1995-1996,133027,131124,饶阳县
1995-1996,133028,131125,安平县
1995-1996,133029,131126,故城县
1995-1996,133030,131127,景县
1995-1996,133031,131128,阜城县
1995-1996,142321,142303,汾阳县 -> 汾阳市
1995-1996,142331,142302,离石县 -> 离石市
1995-1996,152621,150125,武川县
1995-1996,152633,150223,达尔罕茂明安联合旗
1995-1996,211022,211081,灯塔县 -> 灯塔市
1995-1996,220324,220382,双辽县 -> 双辽市
1995-1996,230322,230381,虎林县 -> 虎林市
1995-1996,232101,230182,双城市
1995-1996,232102,230183,尚志市
1995-1996,232103,230184,五常市
1995-1996,232126,230126,巴彦县
1995-1996,232127,230127,木兰县
1995-1996,232128,230128,通河县
1995-1996,232131,230129,延寿县
1995-1996,320822,320724,灌南县
1995-1996,320823,321322,沭阳县
1995-1996,320825,321323,泗阳县
1995-1996,320827,321324,泗洪县
1995-1996,320926,320982,大丰县 -> 大丰市
1995-1996,321083,321281,兴化市
1995-1996,321085,321282,靖江市
1995-1996,321086,321283,泰兴市
1995-1996,321087,321284,姜堰市
1995-1996,330124,330185,临安县 -> 临安市
1995-1996,340821,340881,桐城县 -> 桐城市
1995-1996,342100,341200,阜阳地区 -> 阜阳市
1995-1996,342102,341281,亳州市
1995-1996,342103,341282,界首市
1995-1996,342122,341221,临泉县
1995-1996,342123,341222,太和县
1995-1996,342124,341223,涡阳县
1995-1996,342125,341224,蒙城县
1995-1996,342127,341225,阜南县
1995-1996,342128,341226,颍上县
1995-1996,342130,341227,利辛县
1995-1996,350221,350212,同安县 -> 同安区
1995-1996,352600,350800,龙岩地区 -> 龙岩市
1995-1996,352602,350881,漳平市
1995-1996,352622,350821,长汀县
1995-1996,352623,350822,永定县
1995-1996,352624,350823,上杭县
1995-1996,352625,350824,武平县
1995-1996,352627,350825,连城县
1995-1996,360621,360681,贵溪县 -> 贵溪市
1995-1996,370629,370687,海阳县 -> 海阳市
1995-1996,412328,412302,永城县 -> 永城市
1995-1996,420523,420583,枝江县 -> 枝江市
1995-1996,420583,420581,枝城市
1995-1996,421025,420821,京山县
1995-1996,421082,420881,钟祥市
1995-1996,422327,420222,阳新县
1995-1996,430425,430482,常宁县 -> 常宁市
1995-1996,440223,440282,南雄县 -> 南雄市
1995-1996,460024,460006,万宁县 -> 万宁市
1995-1996,510622,510683,绵竹县 -> 绵竹市
1995-1996,512500,511500,宜宾地区 -> 宜宾市
1995-1996,512528,511522,南溪县
1995-1996,512529,511523,江安县
1995-1996,512530,511524,长宁县
1995-1996,512531,511525,高县
1995-1996,512532,511527,筠连县
1995-1996,512533,511526,珙县
1995-1996,512534,511528,兴文县
1995-1996,512535,511529,屏山县
1995-1996,522724,522702,福泉县 -> 福泉市
1995-1996,533121,533103,潞西县 -> 潞西市
1995-1996,612300,610700,汉中地区 -> 汉中市
1995-1996,612321,610721,南郑县
1995-1996,612322,610722,城固县
1995-1996,612323,610723,洋县
1995-1996,612324,610724,西乡县
1995-1996,612325,610725,勉县
1995-1996,612326,610726,宁强县
1995-1996,612327,610727,略阳县
1995-1996,612328,610728,镇巴县
1995-1996,612329,610729,留坝县
1995-1996,612330,610730,佛坪县
1995-1996,612600,610600,延安地区 -> 延安市
1995-1996,612621,610621,延长县
1995-1996,612622,610622,延川县
1995-1996,612623,610623,子长县
1995-1996,612624,610624,安塞县
1995-1996,612625,610625,志丹县
1995-1996,612626,610626,吴旗县
1995-1996,612627,610627,甘泉县
1995-1996,612628,610628,富县
1995-1996,612629,610629,洛川县
1995-1996,612630,610630,宜川县
1995-1996,612631,610631,黄龙县
1995-1996,612632,610632,黄陵县
1995-1996,642125,642103,灵武县 -> 灵武市
1995-1996,652322,652303,米泉县 -> 米泉市
1995-1996,654222,654202,乌苏县 -> 乌苏市
1996-1997,310228,310116,金山县 -> 金山区
1996-1997,342524,342502,宁国县 -> 宁国市
1996-1997,360311,360322,上栗区 -> 上栗县
1996-1997,360312,360323,芦溪区 -> 芦溪县
1996-1997,372500,371500,聊城地区 -> 聊城市
1996-1997,372502,371581,临清市
1996-1997,372522,371521,阳谷县
1996-1997,372523,371522,莘县
1996-1997,372524,371523,茌平县
1996-1997,372525,371524,东阿县
1996-1997,372526,371525,冠县
1996-1997,372527,371526,高唐县
1996-1997,410426,411025,襄城县
1996-1997,410881,419001,济源市
1996-1997,412300,411400,商丘地区 -> 商丘市
1996-1997,412302,411481,永城市
1996-1997,412321,411425,虞城县
1996-1997,412323,411421,民权县
1996-1997,412324,411423,宁陵县
1996-1997,412325,411422,睢县
1996-1997,412326,411426,夏邑县
1996-1997,412327,411424,柘城县
1996-1997,420924,420984,汉川县 -> 汉川市
1996-1997,433000,431200,怀化地区 -> 怀化市
1996-1997,433002,431281,洪江市
1996-1997,433022,431222,沅陵县
1996-1997,433023,431223,辰溪县
1996-1997,433024,431224,溆浦县
1996-1997,433025,431226,麻阳苗族自治县
1996-1997,433026,431227,新晃侗族自治县
1996-1997,433027,431228,芷江侗族自治县
1996-1997,433029,431225,会同县
1996-1997,433030,431229,靖州苗族侗族自治县
1996-1997,433031,431230,通道侗族自治县
1996-1997,452401,450481,岑溪市
1996-1997,452423,450422,藤县
1996-1997,452425,450423,蒙山县
1996-1997,452500,450900,玉林地区 -> 玉林市
1996-1997,452504,450981,北流市
1996-1997,452525,450921,容县
1996-1997,452527,450922,陆川县
1996-1997,452528,450923,博白县
1996-1997,460032,460007,东方黎族自治县 -> 东方市
1996-1997,510200,500000,重庆市
1996-1997,510202,500103,渝中区
1996-1997,510203,500104,大渡口区
1996-1997,510211,500105,江北区
1996-1997,510212,500106,沙坪坝区
1996-1997,510213,500107,九龙坡区
1996-1997,510214,500108,南岸区
1996-1997,510215,500109,北碚区
1996-1997,510216,500110,万盛区
1996-1997,510217,500111,双桥区
1996-1997,510218,500112,渝北区
1996-1997,510219,500113,巴南区
1996-1997,510221,500221,长寿县
1996-1997,510223,500222,綦江县
1996-1997,510227,500223,潼南县
1996-1997,510228,500224,铜梁县
1996-1997,510230,500225,大足县
1996-1997,510231,500226,荣昌县
1996-1997,510232,500227,璧山县
1996-1997,510281,500383,永川市
1996-1997,510282,500382,合川市
1996-1997,510283,500381,江津市
1996-1997,511121,513822,仁寿县
1996-1997,511127,513824,洪雅县
1996-1997,511128,513823,彭山县
1996-1997,511130,513826,青神县
1996-1997,511131,513825,丹棱县
1996-1997,511221,500234,开县
1996-1997,511222,500233,忠县
1996-1997,511223,500228,梁平县
1996-1997,511224,500235,云阳县
1996-1997,511225,500236,奉节县
1996-1997,511226,500237,巫山县
1996-1997,511227,500238,巫溪县
1996-1997,511228,500229,城口县
1996-1997,513521,500240,石柱土家族自治县
1996-1997,513522,500241,秀山土家族苗族自治县
1996-1997,513523,500239,黔江土家族苗族自治县
1996-1997,513524,500242,酉阳土家族苗族自治县
1996-1997,513525,500243,彭水苗族土家族自治县
1996-1997,517021,500231,垫江县
1996-1997,517022,500230,丰都县
1996-1997,517023,500232,武隆县
1996-1997,517081,500384,南川市
1996-1997,522100,520300,遵义地区 -> 遵义市
1996-1997,522102,520381,赤水市
1996-1997,522103,520382,仁怀市
1996-1997,522122,520322,桐梓县
1996-1997,522123,520323,绥阳县
1996-1997,522124,520324,正安县
1996-1997,522125,520325,道真仡佬族苗族自治县
1996-1997,522126,520326,务川仡佬族苗族自治县
1996-1997,522127,520327,凤冈县
1996-1997,522128,520328,湄潭县
1996-1997,522129,520329,余庆县
1996-1997,522132,520330,习水县
1996-1997,532200,530300,曲靖地区 -> 曲靖市
1996-1997,532202,530381,宣威市
1996-1997,532223,530321,马龙县
1996-1997,532225,530325,富源县
1996-1997,532226,530324,罗平县
1996-1997,532227,530323,师宗县
1996-1997,532228,530322,陆良县
1996-1997,532231,530327,寻甸回族彝族自治县
1996-1997,532233,530326,会泽县
1996-1997,532400,530400,玉溪地区 -> 玉溪市
1996-1997,532422,530421,江川县
1996-1997,532423,530422,澄江县
1996-1997,532424,530423,通海县
1996-1997,532425,530424,华宁县
1996-1997,532426,530425,易门县
1996-1997,532427,530426,峨山彝族自治县
1996-1997,532428,530427,新平彝族傣族自治县
1996-1997,532429,530428,元江哈尼族彝族傣族自治县
1996-1997,610123,610115,临潼县 -> 临潼区
1997-1998,110222,110113,顺义县 -> 顺义区
1997-1998,310227,310117,松江县 -> 松江区
1997-1998,342221,341321,砀山县
1997-1998,342222,341322,萧县
1997-1998,342224,341323,灵璧县
1997-1998,342225,341324,泗县
1997-1998,362100,360700,赣州地区 -> 赣州市
1997-1998,362102,360781,瑞金市
1997-1998,362103,360782,南康市
1997-1998,362121,360721,赣县
1997-1998,362123,360722,信丰县
1997-1998,362124,360723,大余县
1997-1998,362125,360724,上犹县
1997-1998,362126,360725,崇义县
1997-1998,362127,360726,安远县
1997-1998,362128,360727,龙南县
1997-1998,362129,360728,定南县
1997-1998,362130,360729,全南县
1997-1998,362131,360730,宁都县
1997-1998,362132,360731,于都县
1997-1998,362133,360732,兴国县
1997-1998,362135,360733,会昌县
1997-1998,362136,360734,寻乌县
1997-1998,362137,360735,石城县
1997-1998,413000,411500,信阳地区 -> 信阳市
1997-1998,413021,411528,息县
1997-1998,413022,411527,淮滨县
1997-1998,413024,411526,潢川县
1997-1998,413025,411522,光山县
1997-1998,413026,411525,固始县
1997-1998,413027,411524,商城县
1997-1998,413028,411521,罗山县
1997-1998,413029,411523,新县
1997-1998,420123,420116,黄陂县 -> 黄陂区
1997-1998,420124,420117,新洲县 -> 新洲区
1997-1998,420803,420822,沙洋区 -> 沙洋县
1997-1998,421004,421024,江陵区 -> 江陵县
1997-1998,422300,421200,咸宁地区 -> 咸宁市
1997-1998,422322,421221,嘉鱼县
1997-1998,422324,421222,通城县
1997-1998,422325,421223,崇阳县
1997-1998,422326,421224,通山县
1997-1998,452322,450323,灵川县
1997-1998,452323,450324,全州县
1997-1998,452324,450325,兴安县
1997-1998,452325,450326,永福县
1997-1998,452327,450327,灌阳县
1997-1998,452328,450328,龙胜各族自治县
1997-1998,452329,450329,资源县
1997-1998,452330,450330,平乐县
1997-1998,452331,450331,荔浦县
1997-1998,452332,450332,恭城瑶族自治县
1997-1998,511022,513922,乐至县
1997-1998,511023,513921,安岳县
1997-1998,511082,513902,简阳市
1997-1998,513600,511600,广安地区 -> 广安市
1997-1998,513601,511681,华蓥市
1997-1998,513621,511621,岳池县
1997-1998,513623,511622,武胜县
1997-1998,513624,511623,邻水县
1997-1998,530327,530129,寻甸回族彝族自治县
1997-1998,642102,640381,青铜峡市
1997-1998,642103,640382,灵武市
1997-1998,642123,640321,中卫县
1997-1998,642124,640322,中宁县
1997-1998,642126,640323,盐池县
1997-1998,642127,640324,同心县
1998-1999,110221,110114,昌平县 -> 昌平区
1998-1999,142400,140700,晋中地区 -> 晋中市
1998-1999,142401,140702,榆次市 -> 榆次区
1998-1999,142402,140781,介休市
1998-1999,142421,140721,榆社县
1998-1999,142422,140722,左权县
1998-1999,142423,140723,和顺县
1998-1999,142424,140724,昔阳县
1998-1999,142427,140725,寿阳县
1998-1999,142429,140726,太谷县
1998-1999,142430,140727,祁县
1998-1999,142431,140728,平遥县
1998-1999,142433,140729,灵石县
1998-1999,152302,150581,霍林郭勒市
1998-1999,152322,150521,科尔沁左翼中旗
1998-1999,152323,150522,科尔沁左翼后旗
1998-1999,152324,150523,开鲁县
1998-1999,152325,150524,库伦旗
1998-1999,152326,150525,奈曼旗
1998-1999,152327,150526,扎鲁特旗
1998-1999,232300,231200,绥化地区 -> 绥化市
1998-1999,232302,231281,安达市
1998-1999,232303,231282,肇东市
1998-1999,232304,231283,海伦市
1998-1999,232324,231221,望奎县
1998-1999,232325,231222,兰西县
1998-1999,232326,231223,青冈县
1998-1999,232330,231224,庆安县
1998-1999,232331,231225,明水县
1998-1999,232332,231226,绥棱县
1998-1999,310229,310118,青浦县 -> 青浦区
1998-1999,342400,341500,六安地区 -> 六安市
1998-1999,342422,341521,寿县
1998-1999,342423,341522,霍邱县
1998-1999,342425,341523,舒城县
1998-1999,342426,341524,金寨县
1998-1999,342427,341525,霍山县
1998-1999,342600,341400,巢湖地区 -> 巢湖市
1998-1999,342622,341421,庐江县
1998-1999,342623,341422,无为县
1998-1999,342625,341423,含山县
1998-1999,342626,341424,和县
1998-1999,352200,350900,宁德地区 -> 宁德市
1998-1999,352202,350981,福安市
1998-1999,352203,350982,福鼎市
1998-1999,352225,350921,霞浦县
1998-1999,352227,350922,古田县
1998-1999,352228,350923,屏南县
1998-1999,352229,350924,寿宁县
1998-1999,352230,350925,周宁县
1998-1999,352231,350926,柘荣县
1998-1999,432500,431300,娄底地区 -> 娄底市
1998-1999,432502,431381,冷水江市
1998-1999,432503,431382,涟源市
1998-1999,432522,431321,双峰县
1998-1999,432524,431322,新化县
1998-1999,513002,511781,万源市
1998-1999,513021,511721,达县
1998-1999,513022,511722,宣汉县
1998-1999,513023,511723,开江县
1998-1999,513029,511724,大竹县
1998-1999,513030,511725,渠县
1998-1999,612700,610800,榆林地区 -> 榆林市
1998-1999,612722,610821,神木县
1998-1999,612723,610822,府谷县
1998-1999,612724,610823,横山县
1998-1999,612725,610824,靖边县
1998-1999,612726,610825,定边县
1998-1999,612727,610826,绥德县
1998-1999,612728,610827,米脂县
1998-1999,612729,610828,佳县
1998-1999,612730,610829,吴堡县
1998-1999,612731,610830,清涧县
1998-1999,612732,610831,子洲县
1998-1999,632124,630122,湟中县
1998-1999,632125,630123,湟源县
1999-2000,120222,120114,武清县 -> 武清区
1999-2000,142200,140900,忻州地区 -> 忻州市
1999-2000,142202,140981,原平市
1999-2000,142222,140921,定襄县
1999-2000,142223,140922,五台县
1999-2000,142225,140923,代县
1999-2000,142226,140924,繁峙县
1999-2000,142227,140925,宁武县
1999-2000,142228,140926,静乐县
1999-2000,142229,140927,神池县
1999-2000,142230,140928,五寨县
1999-2000,142231,140929,岢岚县
1999-2000,142232,140930,河曲县
1999-2000,142233,140931,保德县
1999-2000,142234,140932,偏关县
1999-2000,142600,141000,临汾地区 -> 临汾市
1999-2000,142602,141081,侯马市
1999-2000,142603,141082,霍州市
1999-2000,142621,141021,曲沃县
1999-2000,142622,141022,翼城县
1999-2000,142623,141023,襄汾县
1999-2000,142625,141024,洪洞县
1999-2000,142627,141025,古县
1999-2000,142628,141026,安泽县
1999-2000,142629,141027,浮山县
1999-2000,142630,141028,吉县
1999-2000,142631,141029,乡宁县
1999-2000,142632,141033,蒲县
1999-2000,142633,141030,大宁县
1999-2000,142634,141032,永和县
1999-2000,142635,141031,隰县
1999-2000,142636,141034,汾西县
1999-2000,142700,140800,运城地区 -> 运城市
1999-2000,142702,140882,河津市
1999-2000,142703,140881,永济市
1999-2000,142723,140830,芮城县
1999-2000,142724,140821,临猗县
1999-2000,142725,140822,万荣县
1999-2000,142726,140825,新绛县
1999-2000,142727,140824,稷山县
1999-2000,142729,140823,闻喜县
1999-2000,142730,140828,夏县
1999-2000,142731,140826,绛县
1999-2000,142732,140829,平陆县
1999-2000,142733,140827,垣曲县
1999-2000,320121,320115,江宁县 -> 江宁区
1999-2000,320283,320205,锡山市 -> 锡山区
1999-2000,320821,320804,淮阴县 -> 淮阴区
1999-2000,321027,321003,邗江县 -> 邗江区
1999-2000,332500,331100,丽水地区 -> 丽水市
1999-2000,332522,331121,青田县
1999-2000,332523,331125,云和县
1999-2000,332525,331126,庆元县
1999-2000,332526,331122,缙云县
1999-2000,332527,331123,遂昌县
1999-2000,332528,331124,松阳县
1999-2000,332529,331127,景宁畲族自治县
1999-2000,332581,331181,龙泉市
1999-2000,341223,341621,涡阳县
1999-2000,341224,341622,蒙城县
1999-2000,341227,341623,利辛县
1999-2000,342500,341800,宣城地区 -> 宣城市
1999-2000,342502,341881,宁国市
1999-2000,342522,341821,郎溪县
1999-2000,342523,341822,广德县
1999-2000,342529,341823,泾县
1999-2000,342530,341825,旌德县
1999-2000,342531,341824,绩溪县
1999-2000,342900,341700,池州地区 -> 池州市
1999-2000,342901,341702,贵池市 -> 贵池区
1999-2000,342921,341721,东至县
1999-2000,342922,341722,石台县
1999-2000,342923,341723,青阳县
1999-2000,362200,360900,宜春地区 -> 宜春市
1999-2000,362202,360981,丰城市
1999-2000,362203,360982,樟树市
1999-2000,362204,360983,高安市
1999-2000,362226,360921,奉新县
1999-2000,362227,360922,万载县
1999-2000,362228,360923,上高县
1999-2000,362229,360924,宜丰县
1999-2000,362232,360925,靖安县
1999-2000,362233,360926,铜鼓县
1999-2000,362300,361100,上饶地区 -> 上饶市
1999-2000,362302,361181,德兴市
1999-2000,362322,361122,广丰县
1999-2000,362323,361123,玉山县
1999-2000,362324,361124,铅山县
1999-2000,362325,361125,横峰县
1999-2000,362326,361126,弋阳县
1999-2000,362329,361127,余干县
1999-2000,362330,361128,波阳县
1999-2000,362331,361129,万年县
1999-2000,362334,361130,婺源县
1999-2000,362400,360800,吉安地区 -> 吉安市
1999-2000,362402,360881,井冈山市
1999-2000,362422,360822,吉水县
1999-2000,362423,360823,峡江县
1999-2000,362424,360824,新干县
1999-2000,362425,360825,永丰县
1999-2000,362426,360826,泰和县
1999-2000,362427,360827,遂川县
1999-2000,362428,360828,万安县
1999-2000,362429,360829,安福县
1999-2000,362430,360830,永新县
1999-2000,362500,361000,抚州地区 -> 抚州市
1999-2000,362501,361002,临川市 -> 临川区
1999-2000,362522,361021,南城县
1999-2000,362523,361022,黎川县
1999-2000,362524,361023,南丰县
1999-2000,362525,361024,崇仁县
1999-2000,362526,361025,乐安县
1999-2000,362527,361026,宜黄县
1999-2000,362528,361027,金溪县
1999-2000,362529,361028,资溪县
1999-2000,362531,361029,东乡县
1999-2000,362532,361030,广昌县
1999-2000,372300,371600,滨州地区 -> 滨州市
1999-2000,372321,371621,惠民县
1999-2000,372323,371622,阳信县
1999-2000,372324,371623,无棣县
1999-2000,372325,371624,沾化县
1999-2000,372328,371625,博兴县
1999-2000,372330,371626,邹平县
1999-2000,372900,371700,菏泽地区 -> 菏泽市
1999-2000,372922,371721,曹县
1999-2000,372923,371727,定陶县
1999-2000,372924,371723,成武县
1999-2000,372925,371722,单县
1999-2000,372926,371724,巨野县
1999-2000,372928,371725,郓城县
1999-2000,372929,371726,鄄城县
1999-2000,372930,371728,东明县
1999-2000,412700,411600,周口地区 -> 周口市
1999-2000,412702,411681,项城市
1999-2000,412721,411621,扶沟县
1999-2000,412722,411622,西华县
1999-2000,412723,411623,商水县
1999-2000,412724,411627,太康县
1999-2000,412725,411628,鹿邑县
1999-2000,412726,411625,郸城县
1999-2000,412727,411626,淮阳县
1999-2000,412728,411624,沈丘县
1999-2000,412800,411700,驻马店地区 -> 驻马店市
1999-2000,412821,411725,确山县
1999-2000,412822,411726,泌阳县
1999-2000,412823,411728,遂平县
1999-2000,412824,411721,西平县
1999-2000,412825,411722,上蔡县
1999-2000,412826,411727,汝南县
1999-2000,412827,411723,平舆县
1999-2000,412828,411729,新蔡县
1999-2000,412829,411724,正阳县
1999-2000,420983,421381,广水市
1999-2000,440181,440113,番禺市 -> 番禺区
1999-2000,440182,440114,花都市 -> 花都区
1999-2000,500239,500114,黔江土家族苗族自治县 -> 黔江区
1999-2000,513100,511800,雅安地区 -> 雅安市
1999-2000,513122,511821,名山县
1999-2000,513123,511822,荥经县
1999-2000,513124,511823,汉源县
1999-2000,513125,511824,石棉县
1999-2000,513126,511825,天全县
1999-2000,513127,511826,芦山县
1999-2000,513128,511827,宝兴县
1999-2000,513700,511900,巴中地区 -> 巴中市
1999-2000,513721,511921,通江县
1999-2000,513722,511922,南江县
1999-2000,513723,511923,平昌县
1999-2000,513800,511400,眉山地区 -> 眉山市
1999-2000,513822,511421,仁寿县
1999-2000,513823,511422,彭山县
1999-2000,513824,511423,洪雅县
1999-2000,513825,511424,丹棱县
1999-2000,513826,511425,青神县
1999-2000,513900,512000,资阳地区 -> 资阳市
1999-2000,513902,512081,简阳市
1999-2000,513921,512021,安岳县
1999-2000,513922,512022,乐至县
1999-2000,522500,520400,安顺地区 -> 安顺市
1999-2000,522526,520421,平坝县
1999-2000,522527,520422,普定县
1999-2000,522528,520424,关岭布依族苗族自治县
1999-2000,522529,520423,镇宁布依族苗族自治县
1999-2000,522530,520425,紫云苗族布依族自治县
1999-2000,533000,530500,保山地区 -> 保山市
1999-2000,533022,530521,施甸县
1999-2000,533023,530522,腾冲县
1999-2000,533024,530523,龙陵县
1999-2000,533025,530524,昌宁县
1999-2000,612400,610900,安康地区 -> 安康市
1999-2000,612422,610921,汉阴县
1999-2000,612423,610922,石泉县
1999-2000,612424,610923,宁陕县
1999-2000,612425,610924,紫阳县
1999-2000,612426,610925,岚皋县
1999-2000,612427,610926,平利县
1999-2000,612428,610927,镇坪县
1999-2000,612429,610928,旬阳县
1999-2000,612430,610929,白河县
2000-2001,110224,110115,大兴县 -> 大兴区
2000-2001,110226,110117,平谷县 -> 平谷区
2000-2001,110227,110116,怀柔县 -> 怀柔区
2000-2001,120224,120115,宝坻县 -> 宝坻区
2000-2001,152101,150702,海拉尔市 -> 海拉尔区
2000-2001,152102,150781,满洲里市
2000-2001,152103,150783,扎兰屯市
2000-2001,152104,150782,牙克石市
2000-2001,152105,150785,根河市
2000-2001,152106,150784,额尔古纳市
2000-2001,152122,150721,阿荣旗
2000-2001,152123,150722,莫力达瓦达斡尔族自治旗
2000-2001,152127,150723,鄂伦春自治旗
2000-2001,152128,150724,鄂温克族自治旗
2000-2001,152129,150727,新巴尔虎右旗
2000-2001,152130,150726,新巴尔虎左旗
2000-2001,152131,150725,陈巴尔虎旗
2000-2001,152701,150602,东胜市 -> 东胜区
2000-2001,152722,150621,达拉特旗
2000-2001,152723,150622,准格尔旗
2000-2001,152724,150623,鄂托克前旗
2000-2001,152725,150624,鄂托克旗
2000-2001,152726,150625,杭锦旗
2000-2001,152727,150626,乌审旗
2000-2001,152728,150627,伊金霍洛旗
2000-2001,310225,310119,南汇县 -> 南汇区
2000-2001,310226,310120,奉贤县 -> 奉贤区
2000-2001,330181,330109,萧山市 -> 萧山区
2000-2001,330184,330110,余杭市 -> 余杭区
2000-2001,370123,370113,长清县 -> 长清区
2000-2001,420621,420607,襄阳县 -> 襄阳区
2000-2001,440421,440403,斗门县 -> 斗门区
2000-2001,500221,500115,长寿县 -> 长寿区
2000-2001,510125,510114,新都县 -> 新都区
2000-2001,532100,530600,昭通地区 -> 昭通市
2000-2001,532122,530621,鲁甸县
2000-2001,532123,530622,巧家县
2000-2001,532124,530623,盐津县
2000-2001,532125,530624,大关县
2000-2001,532126,530625,永善县
2000-2001,532127,530626,绥江县
2000-2001,532128,530627,镇雄县
2000-2001,532129,530628,彝良县
2000-2001,532130,530629,威信县
2000-2001,532131,530630,水富县
2000-2001,612500,611000,商洛地区 -> 商洛市
2000-2001,612501,611002,商州市 -> 商州区
2000-2001,612522,611021,洛南县
2000-2001,612523,611022,丹凤县
2000-2001,612524,611023,商南县
2000-2001,612525,611024,山阳县
2000-2001,612526,611025,镇安县
2000-2001,612527,611026,柞水县
2000-2001,622300,620600,武威地区 -> 武威市
2000-2001,622322,620621,民勤县
2000-2001,622323,620622,古浪县
2000-2001,622326,620623,天祝藏族自治县
2000-2001,642200,640400,固原地区 -> 固原市
2000-2001,642222,640421,海原县
2000-2001,642223,640422,西吉县
2000-2001,642224,640423,隆德县
2000-2001,642225,640424,泾源县
2000-2001,642226,640425,彭阳县
2000-2001,654001,654003,奎屯市
2000-2001,654101,654002,伊宁市
2000-2001,654121,654002,伊宁县 -> 伊宁市
2000-2001,654122,654022,察布查尔锡伯自治县
2000-2001,654123,654023,霍城县
2000-2001,654124,654024,巩留县
2000-2001,654125,654025,新源县
2000-2001,654126,654026,昭苏县
2000-2001,654127,654027,特克斯县
2000-2001,654128,654028,尼勒克县
2001-2002,130221,130208,丰润县 -> 丰润区
2001-2002,130282,130207,丰南市 -> 丰南区
2001-2002,320123,320116,六合县 -> 六合区
2001-2002,320483,320412,武进市 -> 武进区
2001-2002,321121,321112,丹徒县 -> 丹徒区
2001-2002,440681,440606,顺德市 -> 顺德区
2001-2002,440682,440605,南海市 -> 南海区
2001-2002,440683,440607,三水市 -> 三水区
2001-2002,440684,440608,高明市 -> 高明区
2001-2002,440782,440705,新会市 -> 新会区
2001-2002,452101,451481,凭祥市
2001-2002,452122,450127,横县
2001-2002,452123,450126,宾阳县
2001-2002,452124,450125,上林县
2001-2002,452126,450123,隆安县
2001-2002,452127,450124,马山县
2001-2002,452128,451421,扶绥县
2001-2002,452130,451424,大新县
2001-2002,452131,451425,天等县
2001-2002,452132,451422,宁明县
2001-2002,452133,451423,龙州县
2001-2002,452201,451381,合山市
2001-2002,452223,450223,鹿寨县
2001-2002,452224,451322,象州县
2001-2002,452225,451323,武宣县
2001-2002,452227,450224,融安县
2001-2002,452228,450226,三江侗族自治县
2001-2002,452229,450225,融水苗族自治县
2001-2002,452230,451324,金秀瑶族自治县
2001-2002,452231,451321,忻城县
2001-2002,452400,451100,贺州地区 -> 贺州市
2001-2002,452424,451121,昭平县
2001-2002,452427,451122,钟山县
2001-2002,452428,451123,富川瑶族自治县
2001-2002,452600,451000,百色地区 -> 百色市
2001-2002,452622,451021,田阳县
2001-2002,452623,451022,田东县
2001-2002,452624,451023,平果县
2001-2002,452625,451024,德保县
2001-2002,452626,451025,靖西县
2001-2002,452627,451026,那坡县
2001-2002,452628,451027,凌云县
2001-2002,452629,451028,乐业县
2001-2002,452630,451029,田林县
2001-2002,452631,451031,隆林各族自治县
2001-2002,452632,451030,西林县
2001-2002,452700,451200,河池地区 -> 河池市
2001-2002,452702,451281,宜州市
2001-2002,452723,451225,罗城仫佬族自治县
2001-2002,452724,451226,环江毛南族自治县
2001-2002,452725,451221,南丹县
2001-2002,452726,451222,天峨县
2001-2002,452727,451223,凤山县
2001-2002,452728,451224,东兰县
2001-2002,452729,451227,巴马瑶族自治县
2001-2002,452730,451228,都安瑶族自治县
2001-2002,452731,451229,大化瑶族自治县
2001-2002,460104,460105,秀英区
2001-2002,460004,460107,琼山市 -> 琼山区
2001-2002,510123,510115,温江县 -> 温江区
2001-2002,533200,530700,丽江地区 -> 丽江市
2001-2002,533222,530722,永胜县
2001-2002,533223,530723,华坪县
2001-2002,533224,530724,宁蒗彝族自治县
2001-2002,610121,610116,长安县 -> 长安区
2001-2002,622100,620900,酒泉地区 -> 酒泉市
2001-2002,622101,620981,玉门市
2001-2002,622103,620982,敦煌市
2001-2002,622123,620921,金塔县
2001-2002,622124,620923,肃北蒙古族自治县
2001-2002,622125,620924,阿克塞哈萨克族自治县
2001-2002,622126,620925,安西县
2001-2002,622200,620700,张掖地区 -> 张掖市
2001-2002,622222,620721,肃南裕固族自治县
2001-2002,622223,620722,民乐县
2001-2002,622224,620723,临泽县
2001-2002,622225,620724,高台县
2001-2002,622226,620725,山丹县
2001-2002,622700,620800,平凉地区 -> 平凉市
2001-2002,622722,620821,泾川县
2001-2002,622723,620822,灵台县
2001-2002,622724,620823,崇信县
2001-2002,622725,620824,华亭县
2001-2002,622726,620825,庄浪县
2001-2002,622727,620826,静宁县
2001-2002,622800,621000,庆阳地区 -> 庆阳市
2001-2002,622801,621002,西峰市 -> 西峰区
2001-2002,622822,621022,环县
2001-2002,622823,621023,华池县
2001-2002,622824,621024,合水县
2001-2002,622825,621025,正宁县
2001-2002,622826,621026,宁县
2001-2002,622827,621027,镇原县
2001-2002,640382,640181,灵武市
2002-2003,142300,141100,吕梁地区 -> 吕梁市
2002-2003,142301,141181,孝义市
2002-2003,142302,141102,离石市 -> 离石区
2002-2003,142303,141182,汾阳市
2002-2003,142322,141121,文水县
2002-2003,142323,141122,交城县
2002-2003,142325,141123,兴县
2002-2003,142326,141124,临县
2002-2003,142327,141125,柳林县
2002-2003,142328,141126,石楼县
2002-2003,142329,141127,岚县
2002-2003,142330,141128,方山县
2002-2003,142332,141129,中阳县
2002-2003,142333,141130,交口县
2002-2003,152601,150902,集宁市 -> 集宁区
2002-2003,152602,150981,丰镇市
2002-2003,152624,150921,卓资县
2002-2003,152625,150922,化德县
2002-2003,152626,150923,商都县
2002-2003,152627,150924,兴和县
2002-2003,152629,150925,凉城县
2002-2003,152630,150926,察哈尔右翼前旗
2002-2003,152631,150927,察哈尔右翼中旗
2002-2003,152632,150928,察哈尔右翼后旗
2002-2003,152634,150929,四子王旗
2002-2003,152801,150802,临河市 -> 临河区
2002-2003,152822,150821,五原县
2002-2003,152823,150822,磴口县
2002-2003,152824,150823,乌拉特前旗
2002-2003,152825,150824,乌拉特中旗
2002-2003,152826,150825,乌拉特后旗
2002-2003,152827,150826,杭锦后旗
2002-2003,220281,220282,蛟河市
2002-2003,220282,220281,桦甸市
2002-2003,320928,320903,盐都县 -> 盐都区
2002-2003,440203,440204,浈江区
2002-2003,440204,440203,武江区
2002-2003,440582,440513,潮阳市 -> 潮阳区
2002-2003,440583,440515,澄海市 -> 澄海区
2002-2003,441381,441303,惠阳市 -> 惠阳区
2002-2003,460001,469001,五指山市
2002-2003,460002,469002,琼海市
2002-2003,460003,469003,儋州市
2002-2003,460005,469005,文昌市
2002-2003,460006,469006,万宁市
2002-2003,460007,469007,东方市
2002-2003,460025,469021,定安县
2002-2003,460026,469022,屯昌县
2002-2003,460027,469023,澄迈县
2002-2003,460028,469024,临高县
2002-2003,460030,469025,白沙黎族自治县
2002-2003,460031,469026,昌江黎族自治县
2002-2003,460033,469027,乐东黎族自治县
2002-2003,460034,469028,陵水黎族自治县
2002-2003,460035,469029,保亭黎族苗族自治县
2002-2003,460036,469030,琼中黎族苗族自治县
2002-2003,510726,510726,北川县 -> 北川羌族自治县
2002-2003,532700,530800,思茅地区 -> 思茅市
2002-2003,532722,530821,普洱哈尼族彝族自治县
2002-2003,532723,530822,墨江哈尼族自治县
2002-2003,532724,530823,景东彝族自治县
2002-2003,532725,530824,景谷傣族彝族自治县
2002-2003,532726,530825,镇沅彝族哈尼族拉祜族自治县
2002-2003,532727,530826,江城哈尼族彝族自治县
2002-2003,532728,530827,孟连傣族拉祜族佤族自治县
2002-2003,532729,530828,澜沧拉祜族自治县
2002-2003,532730,530829,西盟佤族自治县
2002-2003,533500,530900,临沧地区 -> 临沧市
2002-2003,533522,530921,凤庆县
2002-2003,533523,530922,云县
2002-2003,533524,530923,永德县
2002-2003,533525,530924,镇康县
2002-2003,533526,530925,双江拉祜族佤族布朗族傣族自治县
2002-2003,533527,530926,耿马傣族佤族自治县
2002-2003,533528,530927,沧源佤族自治县
2002-2003,622400,621100,定西地区 -> 定西市
2002-2003,622424,621121,通渭县
2002-2003,622425,621122,陇西县
2002-2003,622426,621123,渭源县
2002-2003,622427,621124,临洮县
2002-2003,622428,621125,漳县
2002-2003,622429,621126,岷县
2002-2003,640223,640205,惠农县 -> 惠农区
2002-2003,640322,640521,中宁县
2002-2003,640421,640522,海原县
2003-2004,220281,220282,桦甸市
2003-2004,220282,220281,蛟河市
2003-2004,230106,230110,香坊区
2003-2004,230121,230111,呼兰县 -> 呼兰区
2003-2004,321321,321311,宿豫县 -> 宿豫区
2003-2004,411123,411103,郾城县 -> 郾城区
2003-2004,440221,440205,曲江县 -> 曲江区
2003-2004,450121,450109,邕宁县 -> 邕宁区
2003-2004,622600,621200,陇南地区 -> 陇南市
2003-2004,622621,621202,武都县 -> 武都区
2003-2004,622623,621223,宕昌县
2003-2004,622624,621221,成县
2003-2004,622625,621224,康县
2003-2004,622626,621222,文县
2003-2004,622627,621225,西和县
2003-2004,622628,621226,礼县
2003-2004,622629,621228,两当县
2003-2004,622630,621227,徽县
2004-2005,340205,340207,鸠江区
2005-2006,220625,220605,江源县 -> 江源区
2005-2006,230181,230112,阿城市 -> 阿城区
2005-2006,500381,500116,江津市 -> 江津区
2005-2006,500382,500117,合川市 -> 合川区
2005-2006,500383,500118,永川市 -> 永川区
2005-2006,500384,500119,南川市 -> 南川区
2008-2009,320683,320612,通州市 -> 通州区
2009-2010,320323,320312,铜山县 -> 铜山区
2009-2010,532522,532503,蒙自县 -> 蒙自市
2009-2010,532621,532601,文山县 -> 文山市
2010-2011,321088,321012,江都市 -> 江都区
2010-2011,341421,340124,庐江县
2010-2011,341422,340225,无为县
2010-2011,341423,340522,含山县
2010-2011,341424,340523,和县
2010-2011,430122,430112,望城县 -> 望城区
2010-2011,500222,500110,綦江县 -> 綦江区
2010-2011,500225,500111,大足县 -> 大足区
2010-2011,511522,511503,南溪县 -> 南溪区
2010-2011,522200,520600,铜仁地区 -> 铜仁市
2010-2011,522222,520621,江口县
2010-2011,522223,520622,玉屏侗族自治县
2010-2011,522224,520623,石阡县
2010-2011,522225,520624,思南县
2010-2011,522226,520625,印江土家族苗族自治县
2010-2011,522227,520626,德江县
2010-2011,522228,520627,沿河土家族自治县
2010-2011,522229,520628,松桃苗族自治县
2010-2011,522400,520500,毕节地区 -> 毕节市
2010-2011,522422,520521,大方县
2010-2011,522423,520522,黔西县
2010-2011,522424,520523,金沙县
2010-2011,522425,520524,织金县
2010-2011,522426,520525,纳雍县
2010-2011,522427,520526,威宁彝族回族苗族自治县
2010-2011,522428,520527,赫章县
2010-2011,530121,530114,呈贡县 -> 呈贡区
2011-2012,320584,320509,吴江市 -> 吴江区
2011-2012,321284,321204,姜堰市 -> 姜堰区
2011-2012,441827,441803,清新县 -> 清新区
2011-2012,445221,445203,揭东县 -> 揭东区
2011-2012,511821,511803,名山县 -> 名山区
2012-2013,220724,220781,扶余县 -> 扶余市
2012-2013,320124,320117,溧水县 -> 溧水区
2012-2013,320125,320118,高淳县 -> 高淳区
2012-2013,330682,330604,上虞市 -> 上虞区
2012-2013,360782,360703,南康市 -> 南康区
2012-2013,370882,370812,兖州市 -> 兖州区
2012-2013,445121,445103,潮安县 -> 潮安区
2012-2013,450322,450312,临桂县 -> 临桂区
2012-2013,532526,532504,弥勒县 -> 弥勒市
2012-2013,632100,630200,海东地区 -> 海东市
2012-2013,632121,630221,平安县
2012-2013,632122,630222,民和回族土族自治县
2012-2013,632123,630202,乐都县 -> 乐都区
2012-2013,632126,630223,互助土族自治县
2012-2013,632127,630224,化隆回族自治县
2012-2013,632128,630225,循化撒拉族自治县
2012-2013,632721,632701,玉树县 -> 玉树市
2013-2014,130124,130111,栾城县 -> 栾城区
2013-2014,130182,130109,藁城市 -> 藁城区
2013-2014,130185,130110,鹿泉市 -> 鹿泉区
2013-2014,220181,220113,九台市 -> 九台区
2013-2014,230182,230113,双城市 -> 双城区
2013-2014,320721,320707,赣榆县 -> 赣榆区
2013-2014,330183,330111,富阳市 -> 富阳区
2013-2014,350784,350703,建阳市 -> 建阳区
2013-2014,350822,350803,永定县 -> 永定区
2013-2014,371081,371003,文登市 -> 文登区
2013-2014,371624,371603,沾化县 -> 沾化区
2013-2014,440183,440118,增城市 -> 增城区
2013-2014,440184,440117,从化市 -> 从化区
2013-2014,440923,440904,电白县 -> 电白区
2013-2014,441723,441704,阳东县 -> 阳东区
2013-2014,445323,445303,云安县 -> 云安区
2013-2014,500224,500151,铜梁县 -> 铜梁区
2013-2014,500227,500120,璧山县 -> 璧山区
2013-2014,511422,511403,彭山县 -> 彭山区
2013-2014,520421,520403,平坝县 -> 平坝区
2013-2014,533421,533401,香格里拉县 -> 香格里拉市
2013-2014,542100,540300,昌都地区 -> 昌都市
2013-2014,542122,540321,江达县
2013-2014,542123,540322,贡觉县
2013-2014,542124,540323,类乌齐县
2013-2014,542125,540324,丁青县
2013-2014,542126,540325,察雅县
2013-2014,542127,540326,八宿县
2013-2014,542128,540327,左贡县
2013-2014,542129,540328,芒康县
2013-2014,542132,540329,洛隆县
2013-2014,542133,540330,边坝县
2013-2014,542300,540200,日喀则地区 -> 日喀则市
2013-2014,542322,540221,南木林县
2013-2014,542323,540222,江孜县
2013-2014,542324,540223,定日县
2013-2014,542325,540224,萨迦县
2013-2014,542326,540225,拉孜县
2013-2014,542327,540226,昂仁县
2013-2014,542328,540227,谢通门县
2013-2014,542329,540228,白朗县
2013-2014,542330,540229,仁布县
2013-2014,542331,540230,康马县
2013-2014,542332,540231,定结县
2013-2014,542333,540232,仲巴县
2013-2014,542334,540233,亚东县
2013-2014,542335,540234,吉隆县
2013-2014,542336,540235,聂拉木县
2013-2014,542337,540236,萨嘎县
2013-2014,542338,540237,岗巴县
2013-2014,610126,610117,高陵县 -> 高陵区
2014-2015,110228,110118,密云县 -> 密云区
2014-2015,110229,110119,延庆县 -> 延庆区
2014-2015,120221,120117,宁河县 -> 宁河区
2014-2015,120223,120118,静海县 -> 静海区
2014-2015,130323,130306,抚宁县 -> 抚宁区
2014-2015,130621,130607,满城县 -> 满城区
2014-2015,130622,130608,清苑县 -> 清苑区
2014-2015,130625,130609,徐水县 -> 徐水区
2014-2015,210282,210214,普兰店市 -> 普兰店区
2014-2015,231024,231086,东宁县 -> 东宁市
2014-2015,320482,320413,金坛市 -> 金坛区
2014-2015,320982,320904,大丰市 -> 大丰区
2014-2015,330322,330305,洞头县 -> 洞头区
2014-2015,340823,340722,枞阳县
2014-2015,341521,340422,寿县
2014-2015,360122,360112,新建县 -> 新建区
2014-2015,361122,361103,广丰县 -> 广丰区
2014-2015,441283,441204,高要市 -> 高要区
2014-2015,450122,450110,武鸣县 -> 武鸣区
2014-2015,451025,451081,靖西县 -> 靖西市
2014-2015,500223,500152,潼南县 -> 潼南区
2014-2015,500226,500153,荣昌县 -> 荣昌区
2014-2015,510122,510116,双流县 -> 双流区
2014-2015,513229,513201,马尔康县 -> 马尔康区
2014-2015,513321,513301,康定县 -> 康定市
2014-2015,530421,530403,江川县 -> 江川区
2014-2015,530522,530581,腾冲县 -> 腾冲市
2014-2015,540125,540103,堆龙德庆县 -> 堆龙德庆区
2014-2015,542600,540400,林芝地区 -> 林芝市
2014-2015,542622,540421,工布江达县
2014-2015,542623,540422,米林县
2014-2015,542624,540423,墨脱县
2014-2015,542625,540424,波密县
2014-2015,542626,540425,察隅县
2014-2015,542627,540426,朗县
2014-2015,610823,610803,横山县 -> 横山区
2014-2015,630221,630203,平安县 -> 平安区
2014-2015,652100,650400,吐鲁番地区 -> 吐鲁番市
2014-2015,652122,650421,鄯善县
2014-2015,652123,650422,托克逊县
2015-2016,130428,130407,肥乡县 -> 肥乡区
2015-2016,130429,130408,永年县 -> 永年区
2015-2016,130729,130708,万全县 -> 万全区
2015-2016,130733,130709,崇礼县 -> 崇礼区
2015-2016,131181,131103,冀州市 -> 冀州区
2015-2016,210122,210115,辽中县 -> 辽中区
2015-2016,211121,211104,大洼县 -> 大洼区
2015-2016,230833,230883,抚远县 -> 抚远市
2015-2016,310230,310151,崇明县 -> 崇明区
2015-2016,320829,320813,洪泽县 -> 洪泽区
2015-2016,330283,330213,奉化市 -> 奉化区
2015-2016,360402,360483,庐山区 -> 庐山市
2015-2016,361029,361003,东乡县 -> 东乡区
2015-2016,370181,370114,章丘市 -> 章丘区
2015-2016,370521,370505,垦利县 -> 垦利区
2015-2016,371727,371703,定陶县 -> 定陶区
2015-2016,450221,450206,柳江县 -> 柳江区
2015-2016,451281,451203,宜州市 -> 宜州区
2015-2016,500228,500155,梁平县 -> 梁平区
2015-2016,500232,500156,武隆县 -> 武隆区
2015-2016,512081,510185,简阳市
2015-2016,513201,513201,马尔康区 -> 马尔康市
2015-2016,530122,530115,晋宁县 -> 晋宁区
2015-2016,530328,530303,沾益县 -> 沾益区
2015-2016,533321,533301,泸水县 -> 泸水市
2015-2016,542200,540500,山南地区 -> 山南市
2015-2016,542221,540502,乃东县 -> 乃东区
2015-2016,542222,540521,扎囊县
2015-2016,542223,540522,贡嘎县
2015-2016,542224,540523,桑日县
2015-2016,542225,540524,琼结县
2015-2016,542226,540525,曲松县
2015-2016,542227,540526,措美县
2015-2016,542228,540527,洛扎县
2015-2016,542229,540528,加查县
2015-2016,542231,540529,隆子县
2015-2016,542232,540530,错那县
2015-2016,542233,540531,浪卡子县
2015-2016,610624,610603,安塞县 -> 安塞区
2015-2016,652200,650500,哈密地区 -> 哈密市
2015-2016,652222,650521,巴里坤哈萨克自治县
2015-2016,652223,650522,伊吾县
2016-2017,130823,130881,平泉县 -> 平泉市
2016-2017,330185,330112,临安市 -> 临安区
2016-2017,331021,331083,玉环县 -> 玉环市
2016-2017,350182,350112,长乐市 -> 长乐区
2016-2017,370282,370215,即墨市 -> 即墨区
2016-2017,430124,430182,宁乡县 -> 宁乡市
2016-2017,510626,510604,罗江县 -> 罗江区
2016-2017,511028,511083,隆昌县 -> 隆昌市
2016-2017,540126,540104,达孜县 -> 达孜区
2016-2017,542400,540600,那曲地区 -> 那曲市
2016-2017,542422,540621,嘉黎县
2016-2017,542423,540622,比如县
2016-2017,542424,540623,聂荣县
2016-2017,542425,540624,安多县
2016-2017,542426,540625,申扎县
2016-2017,542427,540626,索县
2016-2017,542428,540627,班戈县
2016-2017,542429,540628,巴青县
2016-2017,542430,540629,尼玛县
2016-2017,542431,540630,双湖县
2016-2017,610721,610703,南郑县 -> 南郑区
2016-2017,610821,610881,神木县 -> 神木市
2017-2018,140624,140681,怀仁县 -> 怀仁市
2017-2018,232723,232701,漠河县 -> 漠河市
2017-2018,320621,320685,海安县 -> 海安市
2017-2018,360622,360603,余江县 -> 余江区
2017-2018,420821,420882,京山县 -> 京山市
2017-2018,530321,530304,马龙县 -> 马龙区
2017-2018,620824,620881,华亭县 -> 华亭市
